Date,SPY,QQQ,SCHD,AAPL
1/28/22,441.95,351.8,78.07,170.33
1/27/22,431.24,341.1,77.1,159.22
1/26/22,433.38,344.57,77.41,159.69
1/25/22,434.47,345.11,78.03,159.78
1/24/22,439.84,353.3,77.98,161.62
1/21/22,437.98,351.69,77.66,162.41
1/20/22,446.75,361.72,78.71,164.51
1/19/22,451.75,366.48,79.83,166.23
1/18/22,456.49,370.55,80.76,169.8
1/14/22,464.72,380.01,81.71,173.07
1/13/22,464.53,377.66,81.79,172.19
1/12/22,471.02,387.35,81.9,175.53
1/11/22,469.75,385.82,81.94,175.08
1/10/22,465.51,380.11,81.65,172.19
1/7/22,466.09,379.86,81.65,172.17
1/6/22,467.94,384.02,81.51,172
1/5/22,468.38,384.29,81.27,174.92
1/4/22,477.55,396.47,81.79,179.7
1/3/22,477.71,401.68,80.81,182.01
12/31/21,474.96,397.85,80.83,177.57
12/30/21,476.16,400.35,80.71,178.2
12/29/21,477.48,401.55,80.86,179.38
12/28/21,476.87,401.61,80.7,179.29
12/27/21,477.26,403.48,80.54,180.33
12/23/21,470.6,396.92,79.6,176.28
12/22/21,467.69,393.95,79.15,175.64
12/21/21,463.06,389.21,78.71,172.99
12/20/21,454.98,380.69,78.09,169.75
12/17/21,459.87,384.91,78.61,171.14
12/16/21,466.45,386.84,79.56,172.26
12/15/21,470.6,397.05,78.99,179.3
12/14/21,463.36,388.2,77.97,174.33
12/13/21,466.57,392.26,78.02,175.74
12/10/21,470.74,398.01,78.28,179.45
12/9/21,466.35,393.73,77.46,174.56
12/8/21,469.52,399.61,77.63,175.08
12/7/21,468.28,397.83,78.43,171.18
12/6/21,458.79,386.2,77.6,165.32
12/3/21,453.42,383.13,76.84,161.84
12/2/21,457.4,389.91,76.7,163.76
12/1/21,450.5,387.12,75.57,164.77
11/30/21,455.56,393.82,75.92,165.3
11/29/21,464.6,399.69,77.55,160.24
11/26/21,458.97,391.2,77.29,156.81
11/24/21,469.44,398.76,78.73,161.94
11/23/21,468.19,397.48,78.97,161.41
11/22/21,467.57,399.3,78.53,161.02
11/19/21,468.89,403.99,78.16,160.55
11/18/21,469.73,401.75,78.66,157.87
11/17/21,468.14,397.63,78.97,153.49
11/16/21,469.28,397.42,79.28,151
11/15/21,467.43,394.61,79.19,150
11/12/21,467.27,394.7,79.14,149.99
11/11/21,463.77,390.59,78.92,147.87
11/10/21,463.62,389.51,78.78,147.92
11/9/21,467.38,395.32,78.68,150.81
11/8/21,468.93,398.06,78.83,150.44
11/5/21,468.53,398.6,78.89,151.28
11/4/21,466.91,398.22,78.41,150.96
11/3/21,464.72,393.18,78.67,151.49
11/2/21,461.9,389.05,78.21,150.02
11/1/21,460.04,387.43,77.68,148.96
10/29/21,459.25,386.11,77.51,149.8
10/28/21,458.32,384.22,77.54,152.57
10/27/21,453.94,380,76.91,148.85
10/26/21,455.96,379.12,77.98,149.32
10/25/21,455.55,377.93,78.19,148.64
10/22/21,453.12,374.1,78,148.69
10/21/21,453.59,377.27,77.79,149.48
10/20/21,452.41,374.98,78.18,149.26
10/19/21,450.64,375.47,77.43,148.76
10/18/21,447.19,372.65,76.75,146.55
10/15/21,445.87,368.94,77,144.84
10/14/21,442.5,366.63,76.66,143.76
10/13/21,435.18,360,75.5,140.91
10/12/21,433.62,357.14,75.31,141.51
10/11/21,434.69,358.39,75.68,142.81
10/8/21,437.86,361.16,76.05,142.9
10/7/21,438.66,362.97,76.07,143.29
10/6/21,434.9,359.67,75.5,142
10/5/21,433.1,357.38,75.38,141.11
10/4/21,428.64,352.62,74.93,139.14
10/1/21,434.24,360.18,75.23,142.65
9/30/21,429.14,357.96,74.24,141.5
9/29/21,434.45,359.28,75.39,142.83
9/28/21,433.72,359.87,75.03,141.91
9/27/21,442.64,370.35,75.93,145.37
9/24/21,443.91,373.33,75.44,146.92
9/23/21,443.18,372.98,75.29,146.83
9/22/21,437.86,369.57,74.29,145.85
9/21/21,433.63,366.15,74.23,143.43
9/20/21,434.04,365.7,74.5,142.94
9/17/21,441.4,373.83,75.55,146.06
9/16/21,447.17,378.31,76.04,148.79
9/15/21,447.88,378.05,76.55,149.03
9/14/21,444.17,375.26,75.87,148.12
9/13/21,446.58,376.33,76.4,149.55
9/10/21,445.44,376.59,76.03,148.97
9/9/21,448.98,379.47,76.39,154.07
9/8/21,450.91,380.78,76.8,155.11
9/7/21,451.46,382.11,76.76,156.69
9/3/21,453.08,381.57,77.79,154.3
9/2/21,453.19,380.4,77.83,153.65
9/1/21,451.8,380.58,77.34,152.51
8/31/21,451.56,379.95,77.7,151.83
8/30/21,452.23,380.26,77.64,153.12
8/27/21,450.25,376.04,77.74,148.6
8/26/21,446.26,372.42,77.1,147.54
8/25/21,448.91,374.8,77.49,148.36
8/24/21,447.97,374.37,77.34,149.62
8/23/21,447.26,373.23,77.4,149.71
8/20/21,443.36,367.73,76.92,148.19
8/19/21,439.86,363.96,76.5,146.7
8/18/21,439.18,362.21,76.49,146.36
8/17/21,444.04,365.73,77.6,150.19
8/16/21,446.97,368.98,78.13,151.12
8/13/21,445.92,368.82,77.83,149.1
8/12/21,445.11,367.53,77.67,148.89
8/11/21,443.78,366.21,77.6,145.86
8/10/21,442.68,366.84,77.19,145.6
8/9/21,442.13,368.73,76.5,146.09
8/6/21,442.49,368.05,76.56,146.14
8/5/21,441.76,369.67,76.32,147.06
8/4/21,438.98,367.34,75.9,146.95
8/3/21,441.15,366.81,76.87,147.36
8/2/21,437.59,364.6,75.98,145.52
7/30/21,438.51,364.57,76.11,145.86
7/29/21,440.65,366.48,76.31,145.64
7/28/21,438.83,365.83,75.84,144.98
7/27/21,439.01,364.43,75.94,146.77
7/26/21,441.02,368.49,76,148.99
7/23/21,439.94,368.2,75.81,148.56
7/22/21,435.46,363.95,75.22,146.8
7/21/21,434.55,361.56,75.8,145.4
7/20/21,431.06,358.79,75.22,146.15
7/19/21,424.97,354.67,74.23,142.45
7/16/21,431.34,357.6,75.45,146.39
7/15/21,434.75,360.52,76.04,148.48
7/14/21,436.24,363.07,75.89,149.15
7/13/21,435.59,362.42,75.8,145.64
7/12/21,437.08,362.42,76.21,144.5
7/9/21,435.52,361.01,76.03,145.11
7/8/21,430.92,358.77,74.92,143.24
7/7/21,434.46,360.95,75.6,144.57
7/6/21,432.93,360.19,75.26,142.02
7/2/21,433.72,358.64,76.07,139.96
7/1/21,430.43,354.57,75.97,137.27
6/30/21,428.06,354.43,75.62,136.96
6/29/21,427.7,354.99,75.22,136.33
6/28/21,427.47,353.71,75.3,134.78
6/25/21,426.61,349.46,75.52,133.11
6/24/21,425.1,349.89,75.03,133.41
6/23/21,422.6,347.74,74.53,133.7
6/22/21,423.11,347.57,75.41,133.98
6/21/21,420.86,344.36,75.31,132.3
6/18/21,414.92,342.63,73.97,130.46
6/17/21,421.97,345.34,75.32,131.79
6/16/21,422.11,341.01,76.33,130.15
6/15/21,424.48,342.26,76.91,129.64
6/14/21,425.26,344.51,76.95,130.48
6/11/21,424.31,341.24,77.33,127.35
6/10/21,423.61,340.35,77.21,126.11
6/9/21,421.65,336.84,76.99,127.13
6/8/21,422.28,336.76,77.23,126.74
6/7/21,422.19,336.6,77.31,125.9
6/4/21,422.6,335.6,77.65,125.89
6/3/21,418.77,330,77.16,123.54
6/2/21,420.33,333.47,77.21,125.06
6/1/21,419.67,332.82,76.98,124.28
5/28/21,420.04,333.93,76.93,124.61
5/27/21,419.29,332.88,76.8,125.28
5/26/21,419.07,334.13,76.5,126.85
5/25/21,418.24,332.97,76.51,126.9
5/24/21,419.17,332.51,77.05,127.1
5/21/21,414.94,327.01,76.81,125.43
5/20/21,415.28,328.83,76.7,127.31
5/19/21,410.86,322.59,76.25,124.69
5/18/21,411.94,322.22,76.56,124.85
5/17/21,415.52,324.41,77.41,126.27
5/14/21,416.58,326.39,77.36,127.45
5/13/21,410.28,319.34,76.66,124.97
5/12/21,405.41,316.89,75.33,122.77
5/11/21,414.21,325.31,76.69,125.91
5/10/21,417.94,325.76,77.49,126.85
5/7/21,422.12,334.2,77.41,130.21
5/6/21,419.07,331.51,77.08,129.74
5/5/21,415.75,329.03,76.12,128.1
5/4/21,415.62,330.14,75.75,127.85
5/3/21,418.2,336.19,75.29,132.54
4/30/21,417.3,337.99,74.53,131.46
4/29/21,420.06,340.22,74.91,133.48
4/28/21,417.4,339,74.28,133.58
4/27/21,417.52,340.15,74.73,134.39
4/26/21,417.61,341.63,74.82,134.72
4/23/21,416.74,339.42,74.96,134.32
4/22/21,412.27,335.2,74.29,131.94
4/21/21,416.07,339.29,75.24,133.5
4/20/21,412.17,336.41,74.4,133.11
4/19/21,415.21,338.88,74.85,134.84
4/16/21,417.26,342.01,75.19,134.16
4/15/21,415.87,341.61,74.57,134.5
4/14/21,411.45,336.51,74.23,132.03
4/13/21,412.86,340.6,74.04,134.43
4/12/21,411.64,336.67,74.46,131.24
4/9/21,411.49,337.11,74.26,133
4/8/21,408.52,335.08,73.84,130.36
4/7/21,406.59,331.62,73.81,127.9
4/6/21,406.12,330.82,73.98,126.21
4/5/21,406.36,331.05,74.25,125.9
4/1/21,400.61,324.57,73.32,123
3/31/21,396.33,319.13,72.92,122.15
3/30/21,394.73,314.32,73.2,119.9
3/29/21,395.78,315.91,73.54,121.39
3/26/21,395.98,316,73.67,121.21
3/25/21,389.7,311.33,72,120.59
3/24/21,387.52,311.87,71.07,120.09
3/23/21,389.5,317.22,71.43,122.54
3/22/21,392.59,318.61,72.23,123.39
3/19/21,389.48,313.14,71.98,119.99
3/18/21,391.48,312.04,72.25,120.53
3/17/21,397.26,321.9,72.35,124.76
3/16/21,395.91,320.58,72.03,125.57
3/15/21,396.41,318.83,72.63,123.99
3/12/21,394.06,315.46,72.55,121.03
3/11/21,393.53,318.04,71.88,121.96
3/10/21,389.58,310.88,71.87,119.98
3/9/21,387.17,311.77,70.7,121.09
3/8/21,381.72,299.94,71.1,116.36
3/5/21,383.63,308.68,70.17,121.42
3/4/21,376.7,304.1,68.34,120.13
3/3/21,381.42,309.16,69.03,122.06
3/2/21,386.54,318.4,68.85,125.12
3/1/21,389.58,323.59,69.1,127.79
2/26/21,380.36,314.14,67.41,121.26
2/25/21,382.33,312.83,68.29,120.99
2/24/21,391.77,324.13,69.7,125.35
2/23/21,387.5,321.48,68.52,125.86
2/22/21,387.03,322.44,68.36,126
2/19/21,390.03,331.02,67.79,129.87
2/18/21,390.72,332.47,67.23,129.71
2/17/21,392.39,333.93,67.46,130.84
2/16/21,392.3,335.54,67.37,133.19
2/12/21,392.64,336.45,67.02,135.37
2/11/21,390.71,334.58,66.7,135.13
2/10/21,390.08,332.75,66.94,135.39
2/9/21,390.25,333.51,66.89,136.01
2/8/21,390.51,333.58,66.82,136.91
2/5/21,387.71,331.36,66.03,136.76
2/4/21,386.19,330.24,65.72,137.39
2/3/21,381.85,326.38,65.17,133.94
2/2/21,381.55,327.68,64.92,134.99
2/1/21,376.23,322.42,64.23,134.14
1/29/21,370.07,314.56,63.56,131.96
1/28/21,377.63,321.32,64.98,137.09
1/27/21,374.41,319.43,64.5,142.06
1/26/21,383.79,328.59,65.76,143.16
1/25/21,384.39,328.11,65.84,142.92
1/22/21,382.88,325.42,65.72,139.07
1/21/21,384.24,326.36,66.21,136.87
1/20/21,383.89,323.77,66.39,132.03
1/19/21,378.65,316.41,66.3,127.83
1/15/21,375.7,311.86,65.87,127.14
1/14/21,378.46,314.35,66.67,128.91
1/13/21,379.79,316.04,66.35,130.89
1/12/21,378.77,313.92,66.6,128.8
1/11/21,378.69,314.42,66.01,128.98
1/8/21,381.26,319.03,65.74,132.05
1/7/21,379.1,314.98,65.94,130.92
1/6/21,373.55,307.54,65.5,126.6
1/5/21,371.33,311.86,63.74,131.01
1/4/21,368.79,309.31,63.23,129.41
12/31/20,373.88,313.74,64.14,132.69
12/30/20,371.99,312.97,63.77,133.72
12/29/20,371.46,312.96,63.49,134.87
12/28/20,372.17,312.68,63.86,136.69
12/24/20,369,309.56,63.83,131.97
12/23/20,367.57,308.2,63.72,130.96
12/22/20,367.24,309.76,63.15,131.88
12/21/20,367.86,308.92,63.5,128.23
12/18/20,369.18,310.06,63.94,126.66
12/17/20,372.24,311,64.13,128.7
12/16/20,370.17,308.98,63.99,127.81
12/15/20,369.59,307.29,63.92,127.88
12/14/20,364.66,304.04,63.08,121.78
12/11/20,366.3,301.85,63.9,122.41
12/10/20,366.73,302.52,64.26,123.24
12/9/20,366.85,301.31,65.16,121.78
12/8/20,370.17,308.29,65.1,124.38
12/7/20,369.09,307.25,64.69,123.75
12/4/20,369.85,305.52,65.12,122.25
12/3/20,366.69,304.28,64.07,122.94
12/2/20,366.79,303.85,63.93,123.08
12/1/20,366.02,303.46,63.64,122.72
11/30/20,362.06,299.62,62.82,119.05
11/27/20,363.67,299.01,63.68,116.59
11/25/20,362.66,296.28,63.81,116.03
11/24/20,363.22,294.47,64.41,115.17
11/23/20,357.46,290.39,62.85,113.85
11/20/20,355.33,290.38,61.86,117.34
11/19/20,357.78,292.38,62.29,118.64
11/18/20,356.28,290.11,62.1,118.03
11/17/20,360.62,292.27,62.75,119.39
11/16/20,362.57,293.2,62.88,120.3
11/13/20,358.1,290.93,61.51,119.26
11/12/20,353.21,288.4,60.36,119.21
11/11/20,356.67,289.76,61.42,119.49
11/10/20,354.04,283.42,61.43,115.97
11/9/20,354.56,288.59,60.79,116.32
11/6/20,350.16,294.61,58.03,118.69
11/5/20,350.24,294.39,58.43,119.03
11/4/20,343.54,286.91,57.07,114.95
11/3/20,336.03,274.65,57.76,110.44
11/2/20,330.2,269.98,56.75,108.77
10/30/20,326.54,269.38,55.51,108.86
10/29/20,329.98,276.39,55.52,115.32
10/28/20,326.66,271.64,54.8,111.2
10/27/20,338.22,282.66,56.54,116.6
10/26/20,339.39,280.47,57.36,115.05
10/23/20,345.78,284.74,58.7,115.04
10/22/20,344.61,284.18,58.38,115.75
10/21/20,342.73,284.19,57.72,116.87
10/20/20,343.38,284.41,58.14,117.51
10/19/20,342.01,283.8,57.98,115.98
10/16/20,347.29,288.51,58.73,119.02
10/15/20,347.5,290.1,58.63,120.71
10/14/20,347.93,292.06,58.33,121.19
10/13/20,350.13,294.52,58.36,121.1
10/12/20,352.43,294.53,58.85,124.4
10/9/20,346.85,285.71,58.48,116.97
10/8/20,343.78,281.41,58.37,114.97
10/7/20,340.76,279.92,57.51,115.08
10/6/20,334.93,275.16,56.36,113.16
10/5/20,339.76,280.16,56.73,116.5
10/2/20,333.84,274.31,55.52,113.02
10/1/20,337.04,282.25,55.27,116.79
9/30/20,334.89,277.84,55.3,115.81
9/29/20,332.37,275.95,54.92,114.09
9/28/20,334.19,277.2,55.46,114.96
9/25/20,328.73,271.56,54.27,112.28
9/24/20,323.5,265.39,53.71,108.22
9/23/20,322.64,264.16,53.53,107.12
9/22/20,330.3,272.48,55.14,111.81
9/21/20,326.97,267.51,55.14,110.08
9/18/20,330.65,266.87,56.6,106.84
9/17/20,335.84,270.32,57.12,110.34
9/16/20,338.82,274.61,57.26,112.13
9/15/20,340.17,279.06,56.9,115.54
9/14/20,338.46,275.16,56.99,115.36
9/11/20,334.06,270.45,56.15,112
9/10/20,333.89,272.34,55.76,113.49
9/9/20,339.79,277.88,56.6,117.32
9/8/20,333.21,269.95,55.94,112.82
9/4/20,342.57,283.58,57.33,120.96
9/3/20,345.39,287.41,57.23,120.88
9/2/20,357.7,302.76,58.54,131.4
9/1/20,352.6,299.92,57.46,134.18
8/31/20,349.31,294.88,57.28,129.04
8/28/20,350.58,292.53,57.87,124.81
8/27/20,348.33,291.05,57.37,125.01
8/26/20,347.57,291.96,57.02,126.52
8/25/20,344.12,285.86,57.22,124.83
8/24/20,342.92,283.63,57.52,125.86
8/21/20,339.48,281.87,56.35,124.37
8/20/20,338.28,279.93,56.4,118.28
8/19/20,337.23,276.1,56.75,115.71
8/18/20,338.64,277.97,56.92,115.56
8/17/20,337.91,275.32,57.17,114.61
8/14/20,336.84,272.16,57.43,114.91
8/13/20,336.83,272.48,57.21,115.01
8/12/20,337.44,271.86,57.59,113.01
8/11/20,332.8,265.19,57.26,109.38
8/10/20,335.57,270.31,56.96,112.73
8/7/20,334.57,271.47,56.24,111.11
8/6/20,334.33,274.64,55.44,113.9
8/5/20,332.11,271.05,55.52,110.06
8/4/20,330.06,270.38,54.92,109.67
8/3/20,328.79,269.38,54.72,108.94
7/31/20,326.52,265.79,54.49,106.26
7/30/20,323.96,261.13,54.66,96.19
7/29/20,325.12,259.77,54.69,95.04
7/28/20,321.17,256.81,53.9,93.25
7/27/20,323.22,260.12,54.22,94.81
7/24/20,320.88,255.56,53.84,92.62
7/23/20,322.96,258.01,54.08,92.85
7/22/20,326.86,264.93,54.02,97.27
7/21/20,325.01,264,53.68,97
7/20/20,324.32,266.78,52.88,98.36
7/17/20,321.72,259.42,53.35,96.33
7/16/20,320.79,259.12,53.43,96.52
7/15/20,321.85,260.9,53.33,97.73
7/14/20,318.92,260.37,52.33,97.06
7/13/20,314.84,258.54,51.7,95.48
7/10/20,317.59,263.97,51.49,95.92
7/9/20,314.38,262.18,50.37,95.68
7/8/20,316.18,259.99,51.47,95.34
7/7/20,313.78,256.61,51.38,93.17
7/6/20,317.05,258.39,52.21,93.46
7/2/20,312.23,252.19,51.69,91.03
7/1/20,310.52,250.49,51.26,91.03
6/30/20,308.36,247.6,51.75,91.2
6/29/20,304.46,242.84,51.09,90.45
6/26/20,300.05,240.22,50.03,88.41
6/25/20,307.35,246.03,51.34,91.21
6/24/20,304.09,243.71,50.67,90.02
6/23/20,312.05,248.84,52.79,91.63
6/22/20,310.62,246.74,52.63,89.72
6/19/20,308.64,244.24,52.94,87.43
6/18/20,311.78,244.28,53.27,87.93
6/17/20,311.66,243.62,53.32,87.9
6/16/20,312.96,242.85,53.6,88.02
6/15/20,307.05,238.75,52.54,85.75
6/12/20,304.21,235.88,52.16,84.7
6/11/20,300.61,234.02,51.68,83.98
6/10/20,319,246.22,55.06,88.21
6/9/20,320.79,243.3,55.77,86
6/8/20,323.2,241.55,56.5,83.37
6/5/20,319.34,239.69,55.7,82.88
6/4/20,311.36,235.03,54.26,80.58
6/3/20,312.18,236.69,54.1,81.28
6/2/20,308.08,235.63,53.24,80.84
6/1/20,305.55,234.06,52.46,80.46
5/29/20,304.32,233.36,52.52,79.49
5/28/20,302.97,229.99,52.45,79.56
5/27/20,303.53,230.29,52.74,79.53
5/26/20,299.08,229.04,51.61,79.18
5/22/20,295.44,229.66,50.71,79.72
5/21/20,294.88,228.87,50.65,79.21
5/20/20,296.93,231.39,51.08,79.81
5/19/20,291.97,226.86,50.46,78.29
5/18/20,295,227.43,51.29,78.74
5/15/20,286.28,223.27,49.56,76.93
5/14/20,284.97,221.83,49.46,77.39
5/13/20,281.6,219.34,48.87,76.91
5/12/20,286.67,222.12,49.76,77.85
5/11/20,292.5,226.87,50.78,78.75
5/8/20,292.44,224.86,50.81,77.53
5/7/20,287.68,221.82,49.64,75.94
5/6/20,284.25,219,49.44,75.16
5/5/20,286.19,217.66,49.82,74.39
5/4/20,283.57,215.22,49.41,73.29
5/1/20,282.79,212.74,49.32,72.27
4/30/20,290.48,218.91,50.65,73.45
4/29/20,293.21,219,51.63,71.93
4/28/20,285.73,211.5,50.8,69.65
4/27/20,287.05,215.56,50.42,70.79
4/24/20,282.97,213.84,49.51,70.74
4/23/20,279.08,210.52,48.65,68.76
4/22/20,279.1,210.97,48.62,69.03
4/21/20,273.04,204.89,47.75,67.09
4/20/20,281.59,212.74,48.93,69.23
4/17/20,286.64,215.29,49.9,70.7
4/16/20,279.1,213.25,48.39,71.67
4/15/20,277.76,209.43,48.2,71.11
4/14/20,283.79,211.86,49.59,71.76
4/13/20,275.66,203.03,48.23,68.31
4/9/20,278.2,200.86,48.72,67
4/8/20,274.03,200.57,48.25,66.52
4/7/20,265.13,196.4,46.8,64.86
4/6/20,264.86,196.48,46.77,65.62
4/3/20,248.19,183.37,44.3,60.35
4/2/20,251.83,186.01,44.78,61.23
4/1/20,246.15,182.31,43.56,60.23
3/31/20,257.75,190.4,44.98,63.57
3/30/20,261.65,192.04,45.74,63.7
3/27/20,253.42,185.3,44.41,61.94
3/26/20,261.2,191.9,45.47,64.61
3/25/20,246.79,182.3,42.62,61.38
3/24/20,243.15,183.66,42.67,61.72
3/23/20,222.95,170.46,39.5,56.09
3/20/20,228.8,170.7,40.54,57.31
3/19/20,240.51,177.66,42.94,61.2
3/18/20,240,176.6,43.85,61.67
3/17/20,252.8,182.14,46.06,63.22
3/16/20,239.85,169.3,42.67,60.55
3/13/20,269.32,192.34,47.38,69.49
3/12/20,248.11,177.32,43.55,62.06
3/11/20,274.36,195.22,48.36,68.86
3/10/20,288.42,204.11,50.69,71.34
3/9/20,274.23,193.57,48.46,66.54
3/6/20,297.46,208.02,52.22,72.26
3/5/20,302.46,211.59,53.11,73.23
3/4/20,312.86,218.22,54.83,75.69
3/3/20,300.24,209.48,52.46,72.33
3/2/20,309.09,216.42,53.81,74.7
2/28/20,296.26,205.8,51.58,68.34
2/27/20,297.51,205.64,52.19,68.38
2/26/20,311.5,216.48,54.53,73.16
2/25/20,312.65,215.37,54.81,72.02
2/24/20,322.42,221.39,56.4,74.55
2/21/20,333.48,230.27,58.2,78.26
2/20/20,336.95,234.78,58.62,80.08
2/19/20,338.34,236.98,58.75,80.91
2/18/20,336.73,234.73,58.5,79.75
2/14/20,337.6,234.64,58.85,81.24
2/13/20,337.06,233.97,58.93,81.22
2/12/20,337.42,234.27,59.12,81.8
2/11/20,335.26,232.01,58.96,79.9
2/10/20,334.68,231.97,58.75,80.39
2/7/20,332.2,229.2,58.48,80.01
2/6/20,333.98,230.19,58.98,81.3
2/5/20,332.86,228.22,58.88,80.36
2/4/20,329.06,227.47,57.75,79.71
2/3/20,324.12,222.38,57.06,77.17
1/31/20,321.73,219.07,56.9,77.38
1/30/20,327.68,222.6,57.94,80.97
1/29/20,326.62,221.81,57.91,81.09
1/28/20,326.89,221.45,58.32,79.42
1/27/20,323.5,218.1,58.01,77.24
1/24/20,328.77,222.7,58.84,79.58
1/23/20,331.72,224.59,59.28,79.81
1/22/20,331.34,223.87,59.21,79.43
1/21/20,331.3,223.28,58.99,79.14
1/17/20,331.95,223.38,59.15,79.68
1/16/20,330.92,222.28,58.93,78.81
1/15/20,328.19,220.17,58.5,77.84
1/14/20,327.45,220.08,58.4,78.17
1/13/20,327.95,220.95,58.42,79.24
1/10/20,325.71,218.43,57.99,77.58
1/9/20,326.65,218.99,58.15,77.41
1/8/20,324.45,217.15,57.78,75.8
1/7/20,322.73,215.53,57.56,74.6
1/6/20,323.64,215.56,57.64,74.95
1/3/20,322.41,214.18,57.65,74.36
1/2/20,324.87,216.16,58.07,75.09
12/31/19,321.86,212.61,57.92,73.41
12/30/19,321.08,212.21,57.79,72.88
12/27/19,322.86,213.61,58.15,72.45
12/26/19,322.94,213.79,58.08,72.48
12/24/19,321.23,211.92,57.97,71.07
12/23/19,321.22,211.81,58.01,71
12/20/19,320.73,211.71,58.06,69.86
12/19/19,320.9,210.86,57.57,70.01
12/18/19,319.59,209.55,57.48,69.94
12/17/19,319.57,209.39,57.59,70.1
12/16/19,319.5,209.27,57.58,69.97
12/13/19,317.32,207.19,57.38,68.79
12/12/19,317.13,206.51,57.51,67.87
12/11/19,314.42,204.98,57.41,67.69
12/10/19,313.53,203.9,57.23,67.12
12/9/19,313.88,204.07,57.42,66.73
12/6/19,314.87,205,57.34,67.68
12/5/19,312.02,202.83,56.81,66.4
12/4/19,311.46,202.43,56.74,65.44
12/3/19,309.55,201.41,56.28,64.86
12/2/19,311.64,203,56.83,66.04
11/29/19,314.31,205.1,57.09,66.81
11/27/19,315.48,206.04,57.33,66.96
11/26/19,314.08,204.61,57.12,66.07
11/25/19,313.37,204.22,56.95,66.59
11/22/19,310.96,201.83,56.61,65.45
11/21/19,310.27,201.7,56.48,65.5
11/20/19,310.77,202.15,56.47,65.8
11/19/19,311.93,203.37,56.66,66.57
11/18/19,312.02,203.07,57.01,66.78
11/15/19,311.79,202.91,57.01,66.44
11/14/19,309.55,201.43,56.68,65.66
11/13/19,309.1,201.59,56.59,66.12
11/12/19,309,201.54,56.66,65.49
11/11/19,308.35,200.96,56.65,65.55
11/8/19,308.94,201.23,56.95,65.04
11/7/19,308.18,200.43,56.84,64.86
11/6/19,307.1,199.76,56.56,64.31
11/5/19,307.03,200.21,56.38,64.28
11/4/19,307.37,200.1,56.4,64.38
11/1/19,306.14,198.87,56.09,63.96
10/31/19,303.33,197.08,55.52,62.19
10/30/19,304.14,196.99,55.88,60.82
10/29/19,303.21,196.04,55.79,60.82
10/28/19,303.3,197.57,55.78,62.26
10/25/19,301.6,195.64,55.5,61.65
10/24/19,300.37,194.09,55.08,60.9
10/23/19,299.88,192.22,55.13,60.8
10/22/19,299.01,191.85,55.21,59.99
10/21/19,299.99,193.39,55.12,60.13
10/18/19,297.97,191.69,54.74,59.1
10/17/19,299.28,193.55,54.76,58.82
10/16/19,298.4,193.04,54.62,58.59
10/15/19,298.88,193.52,54.75,58.83
10/14/19,295.95,191.09,54.35,58.97
10/11/19,296.28,191.11,54.47,59.05
10/10/19,293.24,188.68,53.76,57.52
10/9/19,291.27,187.23,53.33,56.76
10/8/19,288.53,185.42,52.87,56.1
10/7/19,293.08,188.24,53.73,56.77
10/4/19,294.35,188.81,54.13,56.75
10/3/19,290.42,186.07,53.39,55.21
10/2/19,288.06,184.05,52.97,54.74
10/1/19,293.24,187.27,54.07,56.15
9/30/19,296.77,188.81,54.78,55.99
9/27/19,295.4,187.03,54.51,54.71
9/26/19,297,189.38,54.43,54.97
9/25/19,297.62,190.08,54.39,55.26
9/24/19,295.87,187.97,54.62,54.42
9/23/19,298.21,190.5,55.01,54.68
9/20/19,298.28,190.8,54.87,54.43
9/19/19,301.08,192.84,55.14,55.24
9/18/19,301.1,192.52,55.3,55.69
9/17/19,300.92,192.6,55.33,55.18
9/16/19,300.16,191.68,55.31,54.98
9/13/19,301.09,192.54,55.65,54.69
9/12/19,301.29,193.23,55.76,55.77
9/11/19,300.25,192.43,55.54,55.9
9/10/19,298.13,190.64,55.16,54.18
9/9/19,298.2,191.19,54.83,53.54
9/6/19,298.05,191.59,54.47,53.32
9/5/19,297.82,191.78,54.28,53.32
9/4/19,294.04,188.33,53.6,52.3
9/3/19,290.74,185.65,52.96,51.43
8/30/19,292.45,187.47,53.25,52.19
8/29/19,292.58,187.92,53.13,52.25
8/28/19,288.89,185.09,52.6,51.38
8/27/19,286.87,184.43,52.05,51.04
8/26/19,288,184.82,52.21,51.62
8/23/19,284.85,182.07,51.71,50.66
8/22/19,292.36,188.02,53.13,53.12
8/21/19,292.45,188.63,52.97,53.16
8/20/19,290.09,186.97,52.5,52.59
8/19/19,292.33,188.43,52.82,52.59
8/16/19,288.85,185.48,52.14,51.63
8/15/19,284.65,182.55,51.24,50.44
8/14/19,283.9,182.76,51.13,50.69
8/13/19,292.55,188.39,52.46,52.24
8/12/19,288.07,184.35,51.75,50.12
8/9/19,291.62,186.49,52.3,50.25
8/8/19,293.62,188.26,52.91,50.86
8/7/19,287.97,184.25,52.01,49.76
8/6/19,287.8,183.26,51.85,49.25
8/5/19,283.82,180.73,51.41,48.34
8/2/19,292.62,187.35,52.9,51.01
8/1/19,294.84,190.15,53.18,52.11
7/31/19,297.43,191.1,53.95,53.26
7/30/19,300.72,193.78,54.81,52.2
7/29/19,301.46,194.62,55.02,52.42
7/26/19,302.01,195.29,55.04,51.94
7/25/19,300,193.3,54.78,51.76
7/24/19,301.44,195.15,54.84,52.17
7/23/19,300.03,193.79,54.3,52.21
7/22/19,297.9,192.53,53.72,51.81
7/19/19,297.17,191.01,53.75,50.65
7/18/19,298.83,192.42,53.87,51.42
7/17/19,297.74,192.2,53.69,50.84
7/16/19,299.71,193.15,54.12,51.13
7/15/19,300.75,194.15,54.15,51.3
7/12/19,300.65,193.53,54.07,50.83
7/11/19,299.31,192.42,53.62,50.44
7/10/19,298.61,192.56,53.46,50.81
7/9/19,297.19,190.66,53.31,50.31
7/8/19,296.82,189.71,53.54,50.01
7/5/19,298.46,191.05,53.75,51.06
7/3/19,298.8,191.44,53.91,51.1
7/2/19,296.43,190.01,53.49,50.68
7/1/19,295.66,189.26,53.51,50.39
6/28/19,293,186.74,53.07,49.48
6/27/19,291.5,186.5,52.87,49.94
6/26/19,290.47,185.79,52.73,49.95
6/25/19,290.76,184.93,53.15,48.89
6/24/19,293.64,188.16,53.45,49.65
6/21/19,294,188.57,53.64,49.7
6/20/19,295.86,188.85,53.7,49.87
6/19/19,293.06,187.11,53.17,49.47
6/18/19,292.4,186.41,53.06,49.61
6/17/19,289.37,183.74,52.58,48.47
6/14/19,289.26,182.64,52.72,48.19
6/13/19,289.58,183.42,52.9,48.54
6/12/19,288.39,182.34,52.55,48.55
6/11/19,288.9,183.4,52.7,48.7
6/10/19,288.97,183.15,52.59,48.15
6/7/19,287.65,181.04,52.39,47.54
6/6/19,284.8,177.61,52.05,46.31
6/5/19,282.96,176.21,51.67,45.64
6/4/19,280.53,174.91,51.47,44.91
6/3/19,274.57,170.12,50.44,43.33
5/31/19,275.27,173.95,49.86,43.77
5/30/19,279.03,176.77,50.59,44.58
5/29/19,278.27,176.03,50.48,44.35
5/28/19,280.15,177.49,50.6,44.56
5/24/19,282.78,178.16,51.4,44.74
5/23/19,282.14,178.25,51.43,44.92
5/22/19,285.63,181.02,51.93,45.7
5/21/19,286.51,181.83,52.13,46.65
5/20/19,283.95,179.95,51.75,45.77
5/17/19,285.84,183.04,52.04,47.25
5/16/19,287.7,184.93,52.33,47.52
5/15/19,285.06,183.09,52.18,47.73
5/14/19,283.4,180.54,51.91,47.17
5/13/19,280.86,178.58,51.55,46.43
5/10/19,288.1,185,52.67,49.3
5/9/19,286.66,184.77,52.39,50.18
5/8/19,287.53,185.77,52.66,50.73
5/7/19,287.93,186.24,52.77,50.72
5/6/19,292.82,189.94,53.66,52.12
5/3/19,294.03,191.11,53.99,52.94
5/2/19,291.18,188.11,53.55,52.29
5/1/19,291.81,188.93,53.49,52.63
4/30/19,294.02,189.54,53.96,50.17
4/29/19,293.87,191.02,53.65,51.15
4/26/19,293.41,190.65,53.74,51.08
4/25/19,292.05,190.48,53.72,51.32
4/24/19,292.23,189.71,54.55,51.79
4/23/19,292.88,190.31,54.6,51.87
4/22/19,290.27,187.92,54.23,51.13
4/18/19,290.02,187.39,54.21,50.97
4/17/19,289.45,187.15,54.22,50.78
4/16/19,290.16,186.5,54.07,49.81
4/15/19,289.97,185.86,53.65,49.81
4/12/19,290.16,185.83,53.6,49.72
4/11/19,288.21,185.03,53.26,49.74
4/10/19,288.29,185.47,53.1,50.16
4/9/19,287.31,184.48,53.03,49.88
4/8/19,288.79,185.13,53.49,50.03
4/5/19,288.57,184.66,53.3,49.25
4/4/19,287.18,183.71,53.1,48.92
4/3/19,286.42,183.78,52.81,48.84
4/2/19,285.97,182.73,52.72,48.51
4/1/19,285.83,182.04,52.88,47.81
3/29/19,282.48,179.66,52.28,47.49
3/28/19,280.71,178.31,52,47.18
3/27/19,279.65,177.9,51.89,47.12
3/26/19,281.12,179.05,52.09,46.7
3/25/19,279.04,178.22,51.5,47.19
3/22/19,279.25,178.56,51.61,47.76
3/21/19,284.73,182.57,52.36,48.77
3/20/19,281.55,179.76,51.79,47.04
3/19/19,282.4,179.05,52.47,46.63
3/18/19,282.33,178.45,52.53,47.01
3/15/19,281.31,178.35,52.27,46.53
3/14/19,281.16,176.71,51.99,45.93
3/13/19,281.34,177.01,52.14,45.43
3/12/19,279.49,175.69,51.81,45.23
3/11/19,278.44,174.73,51.74,44.73
3/8/19,274.46,171.17,51.02,43.23
3/7/19,275.01,171.43,51.17,43.13
3/6/19,277.33,173.56,51.52,43.63
3/5/19,279.02,174.55,51.72,43.88
3/4/19,279.4,174.42,51.84,43.96
3/1/19,280.42,174.39,52.04,43.74
2/28/19,278.68,173.19,51.83,43.29
2/27/19,279.2,173.59,51.84,43.72
2/26/19,279.32,173.7,51.97,43.58
2/25/19,279.52,173.52,52.09,43.56
2/22/19,279.14,172.89,52.09,43.24
2/21/19,277.42,171.62,51.72,42.77
2/20/19,278.41,172.25,51.91,43.01
2/19/19,277.85,172.28,51.92,42.73
2/15/19,277.37,171.94,51.72,42.61
2/14/19,274.38,171.22,51.13,42.7
2/13/19,274.99,171.01,51.29,42.55
2/12/19,274.1,170.89,51,42.72
2/11/19,270.62,168.4,50.28,42.36
2/8/19,270.47,168.56,50.18,42.6
2/7/19,270.14,168.23,50.18,42.74
2/6/19,272.74,170.52,50.53,43.56
2/5/19,273.1,171.03,50.35,43.55
2/4/19,271.96,169.53,50.22,42.81
2/1/19,270.06,167.45,49.93,41.63
1/31/19,269.93,168.16,49.81,41.61
1/30/19,267.58,165.68,49.34,41.31
1/29/19,263.41,161.57,48.88,38.67
1/28/19,263.76,163.11,48.82,39.08
1/25/19,265.78,165.15,49.1,39.44
1/24/19,263.55,163.2,48.92,38.18
1/23/19,263.41,162.15,48.77,38.48
1/22/19,262.86,161.94,48.58,38.33
1/18/19,266.46,165.25,49.24,39.21
1/17/19,262.96,163.63,48.44,38.97
1/16/19,260.98,162.35,48.1,38.74
1/15/19,260.35,162.38,48.27,38.27
1/14/19,257.4,159.27,48.18,37.5
1/11/19,258.98,160.69,48.4,38.07
1/10/19,258.88,161.28,48.34,38.45
1/9/19,257.97,160.82,48.13,38.33
1/8/19,256.77,159.52,48.09,37.69
1/7/19,254.38,158.09,47.64,36.98
1/4/19,252.39,156.23,47.32,37.07
1/3/19,244.21,149.82,46.05,35.55
1/2/19,250.18,154.88,46.97,39.48
12/31/18,249.92,154.26,46.97,39.44
12/28/18,247.75,152.97,46.58,39.06
12/27/18,248.07,153.05,46.69,39.04
12/26/18,246.18,152.46,46.13,39.29
12/24/18,234.34,143.5,44.23,36.71
12/21/18,240.7,147.57,45.51,37.68
12/20/18,247.17,152.29,46.04,39.21
12/19/18,251.26,154.53,46.66,40.22
12/18/18,255.08,158.42,47.38,41.52
12/17/18,255.36,157.43,47.45,40.99
12/14/18,260.47,161.08,48.47,41.37
12/13/18,265.37,165.1,49.11,42.74
12/12/18,265.46,165.05,49.04,42.28
12/11/18,264.13,163.61,49.4,42.16
12/10/18,264.07,163.07,49.32,42.4
12/7/18,263.57,161.38,49.24,42.12
12/6/18,269.84,166.89,50.23,43.68
12/4/18,270.25,165.72,50.42,44.17
12/3/18,279.3,172.33,51.8,46.21
11/30/18,275.65,169.37,51.55,44.65
11/29/18,273.98,168.15,51,44.89
11/28/18,274.58,168.7,51.1,45.24
11/27/18,268.4,163.44,50.31,43.56
11/26/18,267.5,162.89,49.94,43.66
11/23/18,263.25,159.21,49.41,43.07
11/21/18,265.02,160.37,49.64,44.2
11/20/18,264.12,159.16,49.58,44.25
11/19/18,269.1,162.06,50.6,46.47
11/16/18,273.73,167.5,51.03,48.38
11/15/18,273.02,168.09,50.89,47.85
11/14/18,270.2,165.2,50.53,46.7
11/13/18,272.06,166.47,50.77,48.06
11/12/18,272.57,166.33,50.81,48.54
11/9/18,277.76,171.52,51.52,51.12
11/8/18,280.5,174.46,51.82,52.12
11/7/18,281.01,175.58,51.84,52.49
11/6/18,275.12,170.24,51.2,50.94
11/5/18,273.39,168.96,50.86,50.4
11/2/18,271.89,169.38,50.29,51.87
11/1/18,273.51,172.06,50.45,55.56
10/31/18,270.63,169.82,49.87,54.72
10/30/18,267.77,165.92,50.07,53.33
10/29/18,263.86,163.23,49.1,53.06
10/26/18,265.33,166.66,48.97,54.08
10/25/18,270.08,171.06,49.56,54.95
10/24/18,265.32,165.34,49.05,53.77
10/23/18,273.61,173.27,50.2,55.68
10/22/18,275.01,173.91,50.41,55.16
10/19/18,276.25,173.02,50.56,54.83
10/18/18,276.4,173.18,50.44,54.01
10/17/18,280.45,177.29,50.99,55.3
10/16/18,280.4,177.22,51.24,55.54
10/15/18,274.4,172.21,50.44,54.34
10/12/18,275.95,174.32,50.5,55.53
10/11/18,272.17,169.6,50.13,53.61
10/10/18,278.3,171.73,51.44,54.09
10/9/18,287.4,179.63,52.76,56.72
10/8/18,287.82,179.05,52.95,55.94
10/5/18,287.82,180.15,52.69,56.07
10/4/18,289.44,182.38,53.02,57
10/3/18,291.72,185.95,53.28,58.02
10/2/18,291.56,185.75,53.31,57.32
10/1/18,291.73,186.17,53.15,56.82
9/28/18,290.72,185.79,53,56.44
9/27/18,290.69,185.83,52.91,56.24
9/26/18,289.88,184.27,52.93,55.11
9/25/18,290.75,184.14,53,55.55
9/24/18,291.02,183.89,53.71,55.2
9/21/18,291.99,183.71,54.15,54.42
9/20/18,293.58,184.72,54.04,55.01
9/19/18,291.22,182.7,53.64,54.59
9/18/18,290.91,182.84,53.69,54.56
9/17/18,289.34,181.34,53.42,54.47
9/14/18,290.88,183.99,53.46,55.96
9/13/18,290.83,184.53,53.4,56.6
9/12/18,289.12,182.58,53.2,55.27
9/11/18,289.05,183.12,53.08,55.96
9/10/18,288.1,181.72,53.16,54.58
9/7/18,287.6,181.11,52.96,55.33
9/6/18,288.16,181.81,53.1,55.78
9/5/18,289.03,183.45,53.09,56.72
9/4/18,289.81,185.85,52.69,57.09
8/31/18,290.31,186.65,52.71,56.91
8/30/18,290.3,186.41,52.65,56.26
8/29/18,291.48,186.74,52.93,55.75
8/28/18,289.92,184.61,52.84,54.93
8/27/18,289.78,184.34,52.83,54.49
8/24/18,287.51,182.48,52.56,54.04
8/23/18,285.79,180.8,52.38,53.87
8/22/18,286.17,181.06,52.42,53.76
8/21/18,286.34,180.36,52.6,53.76
8/20/18,285.67,179.7,52.49,53.87
8/17/18,285.06,179.86,52.36,54.4
8/16/18,284.06,179.82,52.08,53.33
8/15/18,281.78,179.23,51.48,52.56
8/14/18,283.9,181.45,51.55,52.44
8/13/18,282.1,180.32,51.25,52.22
8/10/18,283.16,180.52,51.47,51.88
8/9/18,285.07,181.91,51.8,52.22
8/8/18,285.46,182.02,51.93,51.81
8/7/18,285.58,181.8,51.97,51.78
8/6/18,284.64,181.14,51.8,52.27
8/3/18,283.6,180.08,51.72,52
8/2/18,282.39,179.53,51.34,51.85
8/1/18,280.86,177.12,51.1,50.38
7/31/18,281.33,176.45,51.53,47.57
7/30/18,279.95,175.11,51.07,47.48
7/27/18,281.42,177.62,51.1,47.75
7/26/18,283.34,180.05,51.34,48.55
7/25/18,284.01,182.82,51.03,48.71
7/24/18,281.61,180.3,50.73,48.25
7/23/18,280.2,179.56,50.57,47.9
7/20/18,279.68,178.99,50.6,47.86
7/19/18,280,179.03,50.67,47.97
7/18/18,281.06,179.93,50.64,47.6
7/17/18,280.47,180.27,50.59,47.86
7/16/18,279.34,179.18,50.44,47.73
7/13/18,279.59,179.61,50.58,47.83
7/12/18,279.37,179.46,50.37,47.76
7/11/18,276.86,176.42,50.12,46.97
7/10/18,278.9,177.32,50.57,47.59
7/9/18,277.9,177.19,50.16,47.65
7/6/18,275.42,175.61,49.85,46.99
7/5/18,273.11,172.92,49.64,46.35
7/3/18,270.9,170.8,49.12,45.98
7/2/18,271.86,172.8,49.21,46.8
6/29/18,271.28,171.65,49.29,46.28
6/28/18,270.89,171.19,49.27,46.38
6/27/18,269.35,169.73,49.08,46.04
6/26/18,271.6,172.07,49.44,46.11
6/25/18,271,171.37,49.96,45.54
6/22/18,274.74,175.32,50.34,46.23
6/21/18,274.24,175.71,50.11,46.37
6/20/18,275.97,177.25,50.34,46.63
6/19/18,275.5,176,50.35,46.42
6/18/18,276.56,176.5,50.48,47.19
6/15/18,277.13,176.98,50.92,47.21
6/14/18,278.73,177.6,50.74,47.7
6/13/18,278.03,175.82,50.74,47.68
6/12/18,278.92,175.83,51.01,48.07
6/11/18,278.56,174.91,50.98,47.81
6/8/18,278.19,174.44,50.88,47.93
6/7/18,277.37,174.43,50.65,48.37
6/6/18,277.4,175.86,50.51,48.5
6/5/18,275.1,174.84,50.2,48.33
6/4/18,274.9,174.3,50.08,47.96
6/1/18,273.6,172.74,49.82,47.56
5/31/18,270.94,170.07,49.35,46.72
5/30/18,272.61,170.18,49.92,46.88
5/29/18,269.02,168.97,49.22,46.98
5/25/18,272.15,169.72,49.6,47.15
5/24/18,272.8,169.55,49.64,47.04
5/23/18,273.36,169.6,49.7,47.09
5/22/18,272.61,168.18,49.6,46.79
5/21/18,273.37,168.4,49.85,46.91
5/18/18,271.33,167.46,49.39,46.58
5/17/18,272.01,168.33,49.54,46.75
5/16/18,272.24,168.98,49.45,47.05
5/15/18,271.1,167.87,49.1,46.61
5/14/18,272.98,169.75,49.4,47.04
5/11/18,272.85,169.46,49.2,47.15
5/10/18,272.02,169.62,48.99,47.51
5/9/18,269.5,167.88,48.5,46.84
5/8/18,266.92,166.07,48.18,46.51
5/7/18,266.92,166.24,48.18,46.29
5/4/18,266.02,164.87,48.24,45.96
5/3/18,262.62,161.8,47.61,44.22
5/2/18,263.2,161.82,47.73,44.14
5/1/18,264.98,162.78,48.22,42.28
4/30/18,264.51,160.94,48.48,41.32
4/27/18,266.56,162.09,48.94,40.58
4/26/18,266.31,161.99,48.86,41.06
4/25/18,263.63,158.65,48.46,40.91
4/24/18,262.98,158.46,48.21,40.74
4/23/18,266.57,161.89,48.68,41.31
4/20/18,266.61,162.3,48.65,41.43
4/19/18,268.89,164.91,49.13,43.2
4/18/18,270.39,166.44,49.77,44.46
4/17/18,270.19,166.1,49.94,44.56
4/16/18,267.33,162.6,49.64,43.96
4/13/18,265.15,161.37,49.14,43.68
4/12/18,265.93,162.21,49.2,43.54
4/11/18,263.76,160.28,48.93,43.11
4/10/18,265.15,161.21,49.09,43.31
4/9/18,261,157.73,48.37,42.51
4/6/18,259.72,156.63,48.36,42.1
4/5/18,265.64,160.65,49.35,43.2
4/4/18,263.56,159.74,49.1,42.9
4/3/18,260.77,157.26,48.53,42.1
4/2/18,257.47,155.51,47.87,41.67
3/29/18,263.15,160.13,49.03,41.95
3/28/18,259.83,157.25,48.42,41.62
3/27/18,260.6,159.08,48.25,42.09
3/26/18,265.11,164.4,48.74,43.19
3/23/18,258.05,158.51,47.58,41.24
3/22/18,263.67,162.8,48.52,42.21
3/21/18,270.43,166.92,49.6,42.82
3/20/18,270.95,167.65,49.78,43.81
3/19/18,270.49,167.1,49.77,43.83
3/16/18,274.2,171.02,50.39,44.51
3/15/18,275,171.53,50.46,44.66
3/14/18,275.3,171.68,50.44,44.61
3/13/18,276.72,171.71,50.91,44.99
3/12/18,278.52,174.08,51.11,45.43
3/9/18,278.87,173.16,51.4,45
3/8/18,274.1,169.86,50.68,44.24
3/7/18,272.78,168.93,50.47,43.76
3/6/18,272.88,168.54,50.58,44.17
3/5/18,272.19,167.83,50.54,44.21
3/2/18,269.08,165.99,50.02,44.05
3/1/18,267.7,164.48,49.87,43.75
2/28/18,271.65,167.21,50.49,44.53
2/27/18,274.43,168.29,51.14,44.6
2/26/18,277.9,170.4,51.67,44.74
2/23/18,274.71,168.17,50.97,43.88
2/22/18,270.4,164.8,50.25,43.13
2/21/18,270.05,164.82,50.05,42.77
2/20/18,271.4,165.29,50.5,42.96
2/16/18,273.11,164.96,51.1,43.11
2/15/18,273.03,165.7,51.04,43.25
2/14/18,269.59,162.68,50.45,41.84
2/13/18,266,159.69,50.16,41.09
2/12/18,265.34,158.87,50.12,40.68
2/9/18,261.5,156.1,49.44,39.1
2/8/18,257.63,153.45,48.78,38.79
2/7/18,267.67,160.21,50.63,39.89
2/6/18,269.13,162.31,50.74,40.76
2/5/18,263.93,158.12,49.9,39.12
2/2/18,275.45,164.61,52.17,40.13
2/1/18,281.58,167.96,53.33,41.95
1/31/18,281.9,169.4,53.5,41.86
1/30/18,281.76,168.7,53.5,41.74
1/29/18,284.68,170.1,54.19,41.99
1/26/18,286.58,170.93,54.58,42.88
1/25/18,283.3,168.35,53.67,42.78
1/24/18,283.18,168.41,53.58,43.56
1/23/18,283.29,169.51,53.71,44.26
1/22/18,282.69,168.12,53.84,44.25
1/19/18,280.41,166.34,53.41,44.62
1/18/18,279.14,165.82,53.24,44.82
1/17/18,279.61,165.79,53.39,44.78
1/16/18,276.97,164.02,52.6,44.05
1/12/18,277.92,164.49,52.69,44.27
1/11/18,276.12,163.29,52.39,43.82
1/10/18,274.12,162.18,52.02,43.57
1/9/18,274.54,162.56,52.17,43.58
1/8/18,273.92,162.55,52.16,43.59
1/5/18,273.42,161.92,52.05,43.75
1/4/18,271.61,160.31,51.73,43.26
1/3/18,270.47,160.03,51.48,43.06
1/2/18,268.77,158.49,51.33,43.07
12/29/17,266.86,155.76,51.17,42.31
12/28/17,267.87,156.73,51.3,42.77
12/27/17,267.32,156.54,51.27,42.65
12/26/17,267.19,156.52,51.2,42.64
12/22/17,267.51,157.37,51.17,43.75
12/21/17,267.58,157.55,51.11,43.75
12/20/17,267.03,157.53,51.2,43.59
12/19/17,267.17,157.7,51.2,43.64
12/18/17,268.2,158.64,51.17,44.11
12/15/17,266.51,157.65,51.16,43.49
12/14/17,265.66,155.88,50.78,43.06
12/13/17,266.75,155.99,50.99,43.07
12/12/17,266.78,155.69,50.83,42.93
12/11/17,266.31,155.9,50.77,43.17
12/8/17,265.51,154.7,50.62,42.34
12/7/17,264.07,154.02,50.44,42.33
12/6/17,263.24,153.5,50.47,42.25
12/5/17,263.19,152.81,50.43,42.41
12/4/17,264.14,152.71,50.65,42.45
12/1/17,264.46,154.49,50.45,42.76
11/30/17,265.01,155.15,50.53,42.96
11/29/17,262.71,153.86,50.06,42.37
11/28/17,262.87,156.59,49.86,43.27
11/27/17,260.23,156.19,49.34,43.52
11/24/17,260.36,156.26,49.29,43.74
11/22/17,259.76,155.69,49.2,43.74
11/21/17,259.99,155.5,49.31,43.29
11/20/17,258.3,153.83,49.03,42.5
11/17/17,257.86,153.95,48.87,42.54
11/16/17,258.62,154.54,49.05,42.78
11/15/17,256.44,152.59,48.56,42.27
11/14/17,257.73,153.31,48.93,42.84
11/13/17,258.33,153.87,48.87,43.49
11/10/17,258.09,153.68,48.68,43.67
11/9/17,258.17,153.69,48.67,43.97
11/8/17,259.11,154.5,48.89,44.06
11/7/17,258.67,153.88,48.74,43.7
11/6/17,258.85,153.79,48.62,43.56
11/3/17,258.45,153.27,48.77,43.13
11/2/17,257.59,151.81,48.71,42.03
11/1/17,257.49,152.1,48.67,41.72
10/31/17,257.15,152.15,48.49,42.26
10/30/17,256.75,151.58,48.47,41.68
10/27/17,257.71,151.24,48.81,40.76
10/26/17,255.62,146.96,48.49,39.35
10/25/17,255.29,147.43,48.33,39.1
10/24/17,256.56,147.99,48.56,39.28
10/23/17,256.11,147.74,48.5,39.04
10/20/17,257.11,148.71,48.46,39.06
10/19/17,255.79,148.31,48.3,39
10/18/17,255.72,148.86,48.19,39.94
10/17/17,255.47,149.04,48.03,40.12
10/16/17,255.29,148.85,48.01,39.97
10/13/17,254.95,148.34,48.01,39.25
10/12/17,254.64,147.77,47.91,39
10/11/17,255.02,148.04,47.85,39.14
10/10/17,254.62,147.6,47.74,38.98
10/9/17,253.95,147.49,47.47,38.96
10/6/17,254.37,147.66,47.4,38.83
10/5/17,254.66,147.46,47.47,38.85
10/4/17,253.16,146.03,47.27,38.37
10/3/17,252.86,145.89,47.15,38.62
10/2/17,252.32,145.58,47,38.45
9/29/17,251.23,145.45,46.8,38.53
9/28/17,250.35,144.41,46.77,38.32
9/27/17,250.05,144.46,46.65,38.56
9/26/17,249.08,143.17,46.66,38.29
9/25/17,248.93,142.8,46.72,37.64
9/22/17,249.44,144.32,46.67,37.97
9/21/17,249.39,144.46,46.58,38.35
9/20/17,250.06,145.35,46.76,39.02
9/19/17,249.97,145.8,46.75,39.68
9/18/17,249.72,145.55,46.7,39.67
9/15/17,249.19,146.06,46.94,39.97
9/14/17,250.09,145.56,46.76,39.57
9/13/17,250.17,146.42,46.62,39.91
9/12/17,250.05,146.22,46.52,40.22
9/11/17,249.21,145.87,46.3,40.38
9/8/17,246.58,144.21,45.91,39.66
9/7/17,246.87,145.47,45.98,40.32
9/6/17,246.9,145.13,45.91,40.48
9/5/17,246.06,144.69,45.71,40.52
9/1/17,247.84,146,45.91,41.01
8/31/17,247.49,146.2,45.84,41
8/30/17,246.01,144.65,45.69,40.84
8/29/17,244.85,142.97,45.6,40.73
8/28/17,244.57,142.41,45.55,40.37
8/25/17,244.56,141.97,45.6,39.97
8/24/17,243.99,142.27,45.47,39.82
8/23/17,244.56,142.69,45.54,40
8/22/17,245.44,143.2,45.7,39.95
8/21/17,242.9,141.05,45.44,39.3
8/18/17,242.71,141.23,45.29,39.38
8/17/17,243.09,141.33,45.45,39.47
8/16/17,246.94,144.28,46.09,40.24
8/15/17,246.51,144.03,45.98,40.4
8/14/17,246.54,143.93,45.98,39.96
8/11/17,244.12,142.1,45.64,39.37
8/10/17,243.76,141.03,45.66,38.83
8/9/17,247.25,144.12,45.97,40.27
8/8/17,247.26,144.31,45.95,40.02
8/7/17,247.87,144.56,46.06,39.7
8/4/17,247.41,143.65,45.98,39.1
8/3/17,246.96,143.39,45.92,38.89
8/2/17,247.44,143.95,45.84,39.29
8/1/17,247.32,143.56,45.88,37.51
7/31/17,246.77,143.23,45.85,37.18
7/28/17,246.91,143.84,45.75,37.38
7/27/17,247.2,143.96,45.97,37.64
7/26/17,247.43,144.87,45.6,38.37
7/25/17,247.42,144.4,45.52,38.19
7/24/17,246.82,144.77,45.28,38.02
7/21/17,246.88,144.11,45.56,37.57
7/20/17,247.1,144.17,45.62,37.59
7/19/17,246.99,143.98,45.62,37.76
7/18/17,245.66,143.14,45.47,37.52
7/17/17,245.53,142.19,45.54,37.39
7/14/17,245.56,142.12,45.56,37.26
7/13/17,244.42,141.01,45.3,36.94
7/12/17,244.01,140.7,45.26,36.44
7/11/17,242.19,139.05,44.96,36.38
7/10/17,242.37,138.66,45,36.27
7/7/17,242.11,137.76,45.1,36.05
7/6/17,240.55,136.29,44.9,35.68
7/5/17,242.77,137.53,45.24,36.02
7/3/17,242.21,136.19,45.21,35.88
6/30/17,241.8,137.64,45.1,36.01
6/29/17,241.35,137.59,44.96,35.92
6/28/17,243.49,140.02,45.43,36.46
6/27/17,241.33,138.03,45.23,35.93
6/26/17,243.29,140.58,45.54,36.46
6/23/17,243.13,141.24,45.58,36.57
6/22/17,242.84,140.7,45.49,36.41
6/21/17,242.95,140.74,45.54,36.47
6/20/17,243.01,139.36,45.72,36.25
6/19/17,244.66,140.46,45.97,36.59
6/16/17,242.64,138.15,46.05,35.57
6/15/17,243.77,139.13,45.97,36.07
6/14/17,244.24,139.75,45.98,36.29
6/13/17,244.55,140.36,45.92,36.65
6/12/17,243.36,139.23,45.78,36.36
6/9/17,243.41,139.98,45.7,37.25
6/8/17,243.78,143.57,45.6,38.75
6/7/17,243.66,143.42,45.63,38.84
6/6/17,243.21,142.86,45.67,38.61
6/5/17,243.99,143.43,45.8,38.48
6/2/17,244.17,143.46,45.78,38.86
6/1/17,243.36,141.84,45.7,38.3
5/31/17,241.44,141.29,45.47,38.19
5/30/17,241.5,141.34,45.34,38.42
5/26/17,241.71,141.22,45.23,38.4
5/25/17,241.76,140.97,45.25,38.47
5/24/17,240.61,139.78,44.95,38.34
5/23/17,240.05,139.14,44.86,38.45
5/22/17,239.52,139,44.89,38.5
5/19/17,238.31,137.84,44.66,38.27
5/18/17,236.77,137.26,44.32,38.14
5/17/17,235.82,136.07,44.27,37.56
5/16/17,240.08,139.62,44.82,38.87
5/15/17,240.3,139.04,44.78,38.93
5/12/17,238.98,138.6,44.54,39.03
5/11/17,239.38,138.29,44.62,38.49
5/10/17,239.87,138.4,44.81,38.32
5/9/17,239.44,138.32,44.78,38.5
5/8/17,239.66,137.84,44.82,38.25
5/5/17,239.7,137.54,44.87,37.24
5/4/17,238.76,137.04,44.71,36.63
5/3/17,238.48,136.99,44.67,36.77
5/2/17,238.77,137.43,44.64,36.88
5/1/17,238.68,137.2,44.62,36.65
4/28/17,238.08,135.99,44.69,35.91
4/27/17,238.6,135.75,44.9,35.95
4/26/17,238.4,134.94,44.87,35.92
4/25/17,238.55,135.13,44.97,36.13
4/24/17,237.17,134.16,44.73,35.91
4/21/17,234.59,132.56,44.34,35.57
4/20/17,235.34,132.59,44.41,35.61
4/19/17,233.44,131.49,44.19,35.17
4/18/17,233.87,131.28,44.37,35.3
4/17/17,234.57,131.48,44.38,35.46
4/13/17,232.51,130.4,44.09,35.26
4/12/17,234.03,130.92,44.36,35.45
4/11/17,235.06,131.45,44.49,35.41
4/10/17,235.34,132.02,44.48,35.79
4/7/17,235.2,131.97,44.48,35.84
4/6/17,235.44,132.04,44.46,35.92
4/5/17,234.78,131.97,44.44,36.01
4/4/17,235.48,132.51,44.56,36.19
4/3/17,235.33,132.3,44.45,35.93
3/31/17,235.74,132.38,44.58,35.92
3/30/17,236.29,132.47,44.62,35.98
3/29/17,235.54,132.25,44.56,36.03
3/28/17,235.32,131.64,44.57,35.95
3/27/17,233.62,130.84,44.34,35.22
3/24/17,233.86,130.63,44.38,35.16
3/23/17,234.03,130.36,44.48,35.23
3/22/17,234.28,130.69,44.54,35.36
3/21/17,233.73,129.81,44.5,34.96
3/20/17,236.77,131.81,44.8434,35.37
3/17/17,237.03,131.69,45.22,35
3/16/17,238.48,132.01,45.19,35.17
3/15/17,238.95,132.1,45.23,35.12
3/14/17,236.9,131.29,44.89,34.75
3/13/17,237.81,131.61,45.03,34.8
3/10/17,237.69,131.39,45.05,34.79
3/9/17,236.86,130.84,44.87,34.67
3/8/17,236.56,130.74,44.85,34.75
3/7/17,237,130.51,44.9,34.88
3/6/17,237.71,130.73,45.04,34.84
3/3/17,238.42,131.02,45.11,34.95
3/2/17,238.27,130.78,45.16,34.74
3/1/17,239.78,131.44,45.31,34.95
2/28/17,236.47,130.02,44.84,34.25
2/27/17,237.11,130.42,45.01,34.23
2/24/17,236.74,130.26,45,34.17
2/23/17,236.44,130.01,44.88,34.13
2/22/17,236.28,130.5,44.69,34.28
2/21/17,236.49,130.45,44.73,34.18
2/17/17,235.09,129.81,44.49,33.93
2/16/17,234.72,129.25,44.43,33.84
2/15/17,234.92,129.29,44.35,33.88
2/14/17,233.7,128.53,44.1,33.76
2/13/17,232.77,128.1,44.01,33.32
2/10/17,231.51,127.38,43.79,33.03
2/9/17,230.6,126.96,43.69,33.11
2/8/17,229.24,126.5,43.51,33.01
2/7/17,228.94,126.29,43.45,32.88
2/6/17,228.93,125.83,43.36,32.57
2/3/17,229.34,125.68,43.41,32.27
2/2/17,227.77,125.32,43.21,32.13
2/1/17,227.62,125.43,43.16,32.19
1/31/17,227.53,124.57,43.36,30.34
1/30/17,227.55,124.82,43.57,30.41