Date,Close/Last,Volume,Open,High,Low
01/28/2022,441.95,164457400,432.68,442,427.82
01/27/2022,431.24,149878300,438.26,441.59,429.45
01/26/2022,433.38,186391100,440.72,444.04,428.86
01/25/2022,434.47,167997300,433.06,439.72,427.15
01/24/2022,439.84,252496700,432.03,440.38,420.76
01/21/2022,437.98,202271200,445.56,448.06,437.95
01/20/2022,446.75,122379700,453.75,458.74,444.5
01/19/2022,451.75,109357600,458.13,459.6124,451.46
01/18/2022,456.49,109872400,459.74,459.96,455.31
01/14/2022,464.72,95890950,461.19,465.09,459.9
01/13/2022,464.53,91173120,472.19,472.88,463.44
01/12/2022,471.02,67605440,471.59,473.2,468.94
01/11/2022,469.75,74303060,465.23,469.85,462.05
01/10/2022,465.51,119362000,462.7,465.74,456.5973
01/07/2022,466.09,85111590,467.95,469.2,464.65
01/06/2022,467.94,86858900,467.89,470.82,465.43
01/05/2022,468.38,104538900,477.16,477.98,468.2801
01/04/2022,477.55,71178680,479.22,479.98,475.58
01/03/2022,477.71,72668230,476.3,477.85,473.85
12/31/2021,474.96,65237430,475.64,476.86,474.67
12/30/2021,476.16,55329040,477.93,479,475.67
12/29/2021,477.48,54502960,476.98,478.56,475.92
12/28/2021,476.87,47274590,477.72,478.81,476.06
12/27/2021,477.26,56808620,472.06,477.31,472.01
12/23/2021,470.6,56439750,468.75,472.19,468.64
12/22/2021,467.69,58890220,462.79,467.81,462.58
12/21/2021,463.06,69806260,458.61,463.21,456.31
12/20/2021,454.98,107134800,454.48,455.4,451.14
12/17/2021,459.87,135636500,461.55,464.74,458.06
12/16/2021,466.45,116568600,472.57,472.87,464.8
12/15/2021,470.6,116899300,463.42,470.86,460.74
12/14/2021,463.36,97264130,463.09,465.74,460.25
12/13/2021,466.57,87724680,470.19,470.56,466.27
12/10/2021,470.74,77159760,469.23,470.9,466.51
12/09/2021,466.35,61272570,468.15,469.6291,466.14
12/08/2021,469.52,72238780,468.7,470,466.83
12/07/2021,468.28,95484690,464.41,468.88,458.6546
12/06/2021,458.79,98977530,456.13,460.79,453.56
12/03/2021,453.42,137331600,459.17,460.3,448.92
12/02/2021,457.4,127637800,450.73,459.07,450.31
12/01/2021,450.5,132485800,461.64,464.67,450.29
11/30/2021,455.56,148559600,462,464.03,455.3
11/29/2021,464.6,86268820,464.07,466.56,461.73
11/26/2021,458.97,112669600,462.34,463.9,457.77
11/24/2021,469.44,61858810,466.06,469.57,465.19
11/23/2021,468.19,73206540,467.22,469.095,464.45
11/22/2021,467.57,72761950,470.89,473.54,467.35
11/19/2021,468.89,57315570,469.61,470.94,468.5
11/18/2021,469.73,50625610,469.24,470.01,466.34
11/17/2021,468.14,47858290,469,469.19,467.48
11/16/2021,469.28,48857500,467.15,470.485,467.07
11/15/2021,467.43,46980500,468.64,468.81,466.23
11/12/2021,467.27,53466650,465.12,467.86,464.11
11/11/2021,463.77,34848500,465.21,465.29,463.75
11/10/2021,463.62,69429650,465.58,467.38,462.04
11/09/2021,467.38,51149150,469.32,469.57,465.88
11/08/2021,468.93,50405190,469.7,470.23,468.2031
11/05/2021,468.53,66390560,469.28,470.65,466.92
11/04/2021,466.91,52847090,465.36,467,464.99
11/03/2021,464.72,52509830,461.3,465.15,460.83
11/02/2021,461.9,48908420,460.22,462.23,460.08
11/01/2021,460.04,48433640,460.3,460.7021,458.2
10/29/2021,459.25,70162420,455.87,459.56,455.56
10/28/2021,458.32,51437940,455.46,458.4,455.45
10/27/2021,453.94,72438000,456.45,457.16,453.86
10/26/2021,455.96,56075120,457.2,458.49,455.56
10/25/2021,455.55,45214510,454.28,455.9,452.39
10/22/2021,453.12,58845090,453.13,454.67,451.05
10/21/2021,453.59,41305440,451.77,453.829,451.31
10/20/2021,452.41,49571570,451.13,452.732,451.01
10/19/2021,450.64,46996830,448.92,450.71,448.27
10/18/2021,447.19,62213230,443.97,447.55,443.27
10/15/2021,445.87,66260210,444.75,446.26,444.09
10/14/2021,442.5,70236830,439.08,442.66,438.58
10/13/2021,435.18,72973980,434.71,436.05,431.54
10/12/2021,433.62,71181160,435.67,436.1,432.78
10/11/2021,434.69,65233290,437.16,440.26,434.62
10/08/2021,437.86,74557400,439.48,439.89,437.19
10/07/2021,438.66,72437500,438.39,441.68,438.2
10/06/2021,434.9,113032200,429.27,435.1199,427.54
10/05/2021,433.1,90682520,430.24,435.49,429.39
10/04/2021,428.64,128570000,433,433.96,426.36
10/01/2021,434.24,129240100,430.98,436.0329,427.23
09/30/2021,429.14,140506000,436.02,436.77,428.78
09/29/2021,434.45,82329210,435.19,437.04,433.85
09/28/2021,433.72,130436300,439.69,440.04,432.94
09/27/2021,442.64,61371110,442.81,444.05,441.9
09/24/2021,443.91,62094840,441.44,444.67,441.21
09/23/2021,443.18,76395980,439.85,444.89,439.6
09/22/2021,437.86,102350100,436.05,440.03,433.747
09/21/2021,433.63,92526110,436.53,437.91,433.07
09/20/2021,434.04,166445500,434.88,436.56,428.86
09/17/2021,441.4,118425000,444.92,445.37,441.02
09/16/2021,447.17,77786740,447.32,448.36,444.02
09/15/2021,447.88,78792220,444.62,448.41,443.44
09/14/2021,444.17,78197140,448.12,448.34,443.22
09/13/2021,446.58,83738650,448.64,448.92,444.11
09/10/2021,445.44,89948170,451.04,451.49,445.31
09/09/2021,448.98,57970410,450.7,452.57,448.72
09/08/2021,450.91,56181910,450.89,451.67,448.86
09/07/2021,451.46,51671530,452.71,452.81,450.7423
09/03/2021,453.08,47234360,451.98,453.63,451.55
09/02/2021,453.19,42830870,453.32,454.05,451.91
09/01/2021,451.8,48721380,452.56,453.11,451.545
08/31/2021,451.56,59300210,452.13,452.49,450.92
08/30/2021,452.23,48357360,450.97,453.07,450.71
08/27/2021,450.25,77235110,447.12,450.65,447.06
08/26/2021,446.26,57829570,448.61,448.86,446.16
08/25/2021,448.91,40529710,448.17,449.457,447.77
08/24/2021,447.97,38744710,447.97,448.54,447.42
08/23/2021,447.26,54973040,445.16,448.23,443.4355
08/20/2021,443.36,72008710,440.23,443.71,439.71
08/19/2021,439.86,92812250,436.27,441.14,436.12
08/18/2021,439.18,89351930,442.96,444.625,438.92
08/17/2021,444.04,92673930,444.24,444.96,440.85
08/16/2021,446.97,73930860,444.53,447.11,442.87
08/13/2021,445.92,39470250,445.59,445.94,445.07
08/12/2021,445.11,38942420,443.62,445.2572,442.66
08/11/2021,443.78,44034340,443.82,443.882,442.62
08/10/2021,442.68,43339280,442.61,443.44,441.88
08/09/2021,442.13,41222590,442.46,442.795,441.31
08/06/2021,442.49,46930010,442.1,442.94,441.8
08/05/2021,441.76,38969660,440.22,441.85,439.88
08/04/2021,438.98,46732210,439.78,441.1243,438.73
08/03/2021,441.15,58053900,438.44,441.28,436.1
08/02/2021,437.59,58783300,440.34,440.93,437.21
07/30/2021,438.51,68951200,437.91,440.06,437.77
07/29/2021,440.65,47435340,439.815,441.8,439.81
07/28/2021,438.83,52472360,439.68,440.3,437.31
07/27/2021,439.01,67397140,439.91,439.94,435.99
07/26/2021,441.02,43719190,439.31,441.03,439.26
07/23/2021,439.94,63766640,437.52,440.3,436.79
07/22/2021,435.46,47878540,434.74,435.72,433.69
07/21/2021,434.55,64724390,432.34,434.7,431.0111
07/20/2021,431.06,99608170,425.68,432.42,424.83
07/19/2021,424.97,147987000,426.19,431.4089,421.97
07/16/2021,431.34,75874660,436.01,436.06,430.92
07/15/2021,434.75,55126360,434.81,435.53,432.72
07/14/2021,436.24,64130350,437.4,437.92,434.91
07/13/2021,435.59,52911310,436.24,437.84,435.31
07/12/2021,437.08,52889590,435.43,437.35,434.97
07/09/2021,435.52,76238580,432.53,435.84,430.714
07/08/2021,430.92,97595230,428.78,431.73,427.52
07/07/2021,434.46,63549460,433.66,434.76,431.51
07/06/2021,432.93,68710420,433.78,434.01,430.01
07/02/2021,433.72,57697670,431.67,434.1,430.5218
07/01/2021,430.43,53441030,428.87,430.6,428.8
06/30/2021,428.06,64827860,427.21,428.78,427.18
06/29/2021,427.7,35970520,427.88,428.56,427.13
06/28/2021,427.47,53159580,427.17,427.65,425.89
06/25/2021,426.61,58129530,425.9,427.0943,425.55
06/24/2021,425.1,45110290,424.89,425.55,424.62
06/23/2021,422.6,49445410,423.19,424.05,422.51
06/22/2021,423.11,57700300,420.85,424,420.08
06/21/2021,420.86,72822030,416.8,421.06,415.93
06/18/2021,414.92,118676300,417.09,417.8281,414.7
06/17/2021,421.97,90949660,421.67,423.02,419.32
06/16/2021,422.11,80386080,424.63,424.87,419.92
06/15/2021,424.48,51508510,425.42,425.46,423.54
06/14/2021,425.26,42358480,424.43,425.37,423.1
06/11/2021,424.31,45570830,424.2,424.43,422.82
06/10/2021,423.61,51020150,422.96,424.63,421.55
06/09/2021,421.65,48436340,423.18,423.26,421.41
06/08/2021,422.28,47134280,423.11,423.21,420.32
06/07/2021,422.19,51555030,422.59,422.78,421.19
06/04/2021,422.6,55938790,420.75,422.92,418.8422
06/03/2021,418.77,58138760,417.85,419.99,416.28
06/02/2021,420.33,49097060,420.37,421.23,419.29
06/01/2021,419.67,54216630,422.57,422.72,419.2
05/28/2021,420.04,58520160,420.97,421.25,419.79
05/27/2021,419.29,56707680,420.17,420.72,418.9851
05/26/2021,419.07,43088620,418.87,419.61,417.76
05/25/2021,418.24,57451400,420.33,420.71,417.62
05/24/2021,419.17,51376700,417.34,420.32,417.08
05/21/2021,414.94,76578660,416.87,418.2,414.45
05/20/2021,415.28,78022220,411.8,416.625,411.67
05/19/2021,410.86,106467100,406.92,411.05,405.33
05/18/2021,411.94,59810240,415.8,416.06,411.77
05/17/2021,415.52,64882410,415.39,416.39,413.36
05/14/2021,416.58,82201630,413.21,417.49,413.18
05/13/2021,410.28,106394000,407.07,412.35,407.02
05/12/2021,405.41,134811000,411.23,412.59,404
05/11/2021,414.21,116888000,413.1,415.27,410.06
05/10/2021,417.94,81852450,422.5,422.74,417.81
05/07/2021,422.12,67733790,419.89,422.815,419.16
05/06/2021,419.07,74321370,415.83,419.21,413.675
05/05/2021,415.75,39960660,417.38,417.63,415.15
05/04/2021,415.62,101591200,416.07,416.6,411.67
05/03/2021,418.2,68128290,419.43,419.84,417.665
04/30/2021,417.3,85527030,417.63,418.54,416.34
04/29/2021,420.06,78544330,420.32,420.72,416.44
04/28/2021,417.4,51238850,417.81,419.01,416.9
04/27/2021,417.52,51303060,417.93,418.14,416.3
04/26/2021,417.61,52182390,417.44,418.22,416.8111
04/23/2021,416.74,73276200,412.87,418.25,412.79
04/22/2021,412.27,97582790,415.89,416.78,411.13
04/21/2021,416.07,66792980,411.51,416.29,411.36
04/20/2021,412.17,81851830,413.91,415.0859,410.59
04/19/2021,415.21,78498500,416.26,416.74,413.79
04/16/2021,417.26,82037280,417.25,417.91,415.73
04/15/2021,415.87,60229840,413.74,416.16,413.69
04/14/2021,411.45,61659910,412.83,413.96,410.87
04/13/2021,412.86,56550990,411.53,413.529,411.12
04/12/2021,411.64,56704900,410.85,411.93,410.2
04/09/2021,411.49,61104560,408.39,411.67,408.26
04/08/2021,408.52,57863110,407.93,408.58,406.93
04/07/2021,406.59,55836280,405.94,406.96,405.45
04/06/2021,406.12,62020950,405.76,407.24,405.4
04/05/2021,406.36,91684760,403.46,406.94,403.38
04/01/2021,400.61,99682880,398.4,400.67,398.18
03/31/2021,396.33,112734200,395.34,398,395.31
03/30/2021,394.73,76262250,394.42,395.45,393.02
03/29/2021,395.78,108107600,394.4,396.75,392.81
03/26/2021,395.98,114409100,390.93,396.41,390.29
03/25/2021,389.7,116128600,385.98,390.55,383.9
03/24/2021,387.52,97588640,391,392.75,387.47
03/23/2021,389.5,90686550,391.91,393.46,388.66
03/22/2021,392.59,73778650,390.03,394.07,389.97
03/19/2021,389.48,113624500,389.88,391.569,387.15
03/18/2021,391.48,115349100,394.475,396.72,390.75
03/17/2021,397.26,97959270,394.53,398.12,393.3
03/16/2021,395.91,73722510,397.07,397.83,395.08
03/15/2021,396.41,73592300,394.33,396.685,392.03
03/12/2021,394.06,64653570,392.07,394.21,391.2
03/11/2021,393.53,86245040,392.23,395.65,391.74
03/10/2021,389.58,109899400,389.69,391.4,388.1702
03/09/2021,387.17,113633600,385.85,389.91,381.7299
03/08/2021,381.72,123149200,384.66,387.68,381.42
03/05/2021,383.63,152039600,380.46,384.76,372.64
03/04/2021,376.7,183433000,381.22,384,371.88
03/03/2021,381.42,119940200,385.79,386.83,381.31
03/02/2021,386.54,79595330,389.82,390.07,386
03/01/2021,389.58,105348800,385.59,390.92,380.572
02/26/2021,380.36,152701600,384.35,385.58,378.23
02/25/2021,382.33,146670500,390.41,391.88,380.7789
02/24/2021,391.77,72433950,386.33,392.23,385.27
02/23/2021,387.5,107284100,384.66,388.945,380.2
02/22/2021,387.03,67414170,387.06,389.62,386.74
02/19/2021,390.03,83240970,392.07,392.38,389.55
02/18/2021,390.72,59712770,389.59,391.515,387.74
02/17/2021,392.39,52806680,390.42,392.66,389.33
02/16/2021,392.3,50972370,393.96,394.17,391.53
02/12/2021,392.64,50593270,389.85,392.9,389.77
02/11/2021,390.71,42913290,391.24,391.69,388.1
02/10/2021,390.08,59154370,392.12,392.28,387.5
02/09/2021,390.25,35551060,389.61,390.89,389.17
02/08/2021,390.51,38365190,389.27,390.56,388.35
02/05/2021,387.71,48669770,388.2,388.47,386.1444
02/04/2021,386.19,47142560,382.96,386.24,381.9655
02/03/2021,381.85,52427090,382.435,383.7,380.48
02/02/2021,381.55,64450660,379.65,383.22,376.3181
02/01/2021,376.23,75817600,373.72,377.34,370.376
01/29/2021,370.07,126765100,375.63,376.67,368.27
01/28/2021,377.63,94198100,376.36,381.93,375.89
01/27/2021,374.41,123351100,380.22,380.32,372.01
01/26/2021,383.79,42665280,385.41,385.85,383.54
01/25/2021,384.39,70401970,383.67,384.77,378.46
01/22/2021,382.88,52136930,382.25,384.1256,381.835
01/21/2021,384.24,47955810,384.49,384.95,383.25
01/20/2021,383.89,61836060,381.11,384.79,380.69
01/19/2021,378.65,51233300,378.34,379.23,376.75
01/15/2021,375.7,107160000,376.72,377.58,373.7
01/14/2021,378.46,49989110,380.59,381.13,378.1
01/13/2021,379.79,45303620,378.69,380.86,377.85
01/12/2021,378.77,52547720,378.89,379.86,376.36
01/11/2021,378.69,51176720,377.85,380.58,377.7189
01/08/2021,381.26,71677210,380.59,381.49,377.1
01/07/2021,379.1,68766810,376.1,379.9,375.91
01/06/2021,373.55,107997700,369.71,376.98,369.12
01/05/2021,371.33,66426230,368.1,372.5,368.05
01/04/2021,368.79,110210800,375.31,375.45,364.82
12/31/2020,373.88,78520700,371.78,374.66,371.232
12/30/2020,371.99,49455260,372.34,373.1,371.57
12/29/2020,371.46,53680450,373.81,374,370.83
12/28/2020,372.17,39000400,371.74,372.59,371.07
12/24/2020,369,26457850,368.08,369.03,367.45
12/23/2020,367.57,46201400,368.28,369.62,367.2172
12/22/2020,367.24,48388460,368.21,368.3317,366.03
12/21/2020,367.86,96386750,364.97,378.46,362.03
12/18/2020,369.18,136542300,370.97,371.15,367.02
12/17/2020,372.24,64119470,371.94,372.46,371.05
12/16/2020,370.17,58420520,369.82,371.16,368.8676
12/15/2020,369.59,64071100,367.4,369.59,365.92
12/14/2020,364.66,69216170,368.64,369.8,364.47
12/11/2020,366.3,57698610,364.9,366.7402,363.26
12/10/2020,366.73,57735350,365.37,367.86,364.43
12/09/2020,366.85,74098310,370.88,371.05,365.95
12/08/2020,370.17,42458860,367.72,370.78,367.67
12/07/2020,369.09,48944270,369.02,369.62,367.72
12/04/2020,369.85,50749860,367.32,369.85,367.22
12/03/2020,366.69,62882000,366.68,368.19,365.5
12/02/2020,366.79,45927000,364.82,366.96,364.2
12/01/2020,366.02,74504970,365.57,367.68,364.93
11/30/2020,362.06,83872710,362.83,363.12,359.17
11/27/2020,363.67,28514070,363.84,364.18,362.58
11/25/2020,362.66,45330890,363.13,363.16,361.48
11/24/2020,363.22,62415880,360.21,363.81,359.29
11/23/2020,357.46,63230610,357.28,358.82,354.865
11/20/2020,355.33,70411890,357.5,357.72,355.25
11/19/2020,357.78,59940950,355.6,358.18,354.15
11/18/2020,356.28,70591300,360.91,361.5,356.24
11/17/2020,360.62,66111010,359.97,361.92,358.34
11/16/2020,362.57,74541140,360.98,362.78,359.59
11/13/2020,358.1,62959430,355.27,358.9,354.71
11/12/2020,353.21,68118560,355.58,356.7182,351.26
11/11/2020,356.67,58649050,356.4,357.56,355.06
11/10/2020,354.04,85552020,353.49,355.18,350.51
11/09/2020,354.56,172304200,363.97,364.38,354.06
11/06/2020,350.16,74972970,349.93,351.51,347.65
11/05/2020,350.24,82039750,349.24,352.19,348.86
11/04/2020,343.54,126959700,340.86,347.94,339.59
11/03/2020,336.03,93294190,333.69,338.25,330.2935
11/02/2020,330.2,86068300,330.2,332.36,327.24
10/30/2020,326.54,120448700,328.28,329.69,322.6
10/29/2020,329.98,90597690,326.91,333.395,325.09
10/28/2020,326.66,127094300,332.1,338.2483,326.13
10/27/2020,338.22,65994110,339.76,340.12,337.99
10/26/2020,339.39,91473000,342.13,342.98,335.62
10/23/2020,345.78,49143930,345.93,345.99,343.13
10/22/2020,344.61,55399290,342.96,345.24,340.65
10/21/2020,342.73,63574980,343.33,348.6847,342.4
10/20/2020,343.38,60051880,343.46,346.88,342.64
10/19/2020,342.01,68425610,348.65,349.33,341.04
10/16/2020,347.29,89501870,348.96,350.75,347.1
10/15/2020,347.5,60357660,343.71,348.02,343.13
10/14/2020,347.93,57958750,350.75,351.93,347.14
10/13/2020,350.13,73255510,352.28,352.4651,349.09
10/12/2020,352.43,80388530,349.59,354.02,349.06
10/09/2020,346.85,59528610,345.56,347.35,344.89
10/08/2020,343.78,45242480,342.85,343.85,341.86
10/07/2020,340.76,56999600,338.12,341.63,338.09
10/06/2020,334.93,90128880,339.91,342.17,334.38
10/05/2020,339.76,45713110,336.06,339.96,336.01
10/02/2020,333.84,89431110,331.7,337.0126,331.19
10/01/2020,337.04,88698750,337.69,338.74,335.01
09/30/2020,334.89,104081100,333.09,338.29,332.88
09/29/2020,332.37,51531590,333.97,334.77,331.6209
09/28/2020,334.19,64584610,333.22,334.96,332.15
09/25/2020,328.73,71069430,322.58,329.58,321.64
09/24/2020,323.5,76681330,321.22,326.797,319.8
09/23/2020,322.64,93112240,330.9,331.2,322.1
09/22/2020,330.3,63612110,328.57,330.9,325.86
09/21/2020,326.97,99450830,325.7,327.13,321.73
09/18/2020,330.65,105877900,335.37,335.49,327.97
09/17/2020,335.84,91523340,333.56,337.6996,332.991
09/16/2020,338.82,82211260,341.51,343.06,338.52
09/15/2020,340.17,52920860,341.12,342.02,338.4683
09/14/2020,338.46,65605690,337.49,340.38,334.2208
09/11/2020,334.06,84680190,335.82,336.97,331
09/10/2020,333.89,90569550,341.82,342.53,332.85
09/09/2020,339.79,91462290,337.55,342.46,336.61
09/08/2020,333.21,114465300,336.71,342.64,332.88
09/04/2020,342.57,139156300,346.13,347.83,334.87
09/03/2020,345.39,148011100,355.87,356.38,342.59
09/02/2020,357.7,69540040,354.67,358.75,353.43
09/01/2020,352.6,54999330,350.21,352.71,349.24
08/31/2020,349.31,66099180,350.35,351.3,349.06
08/28/2020,350.58,48588940,349.44,350.72,348.15
08/27/2020,348.33,58034140,348.51,349.9,346.53
08/26/2020,347.57,50790240,344.76,347.86,344.17
08/25/2020,344.12,38463380,343.53,344.21,342.27
08/24/2020,342.92,48588660,342.12,343,339.4504
08/21/2020,339.48,55106630,337.92,339.72,337.55
08/20/2020,338.28,42207830,335.36,338.8,335.22
08/19/2020,337.23,68054240,339.05,339.61,336.62
08/18/2020,338.64,38733910,338.34,339.1,336.61
08/17/2020,337.91,35480970,337.94,338.34,336.8517
08/14/2020,336.84,47260390,336.41,337.42,335.62
08/13/2020,336.83,41816150,336.61,338.2514,335.83
08/12/2020,337.44,53826130,335.44,338.28,332.8377
08/11/2020,332.8,69601090,336.85,337.54,332.01
08/10/2020,335.57,44282090,335.06,335.77,332.955
08/07/2020,334.57,57308270,333.28,334.88,332.3
08/06/2020,334.33,43679450,331.48,334.46,331.13
08/05/2020,332.11,42866350,331.47,332.39,331.18
08/04/2020,330.06,41917890,327.86,330.06,327.86
08/03/2020,328.79,53077950,328.32,329.62,327.73
07/31/2020,326.52,85210760,325.9,326.63,321.33
07/30/2020,323.96,61861710,321.9,324.41,319.64
07/29/2020,325.12,48454160,322.12,325.73,322.075
07/28/2020,321.17,57494980,322.43,323.64,320.85
07/27/2020,323.22,48292970,321.63,323.41,320.775
07/24/2020,320.88,73766600,320.95,321.99,319.246
07/23/2020,322.96,75737990,326.47,327.23,321.48
07/22/2020,326.86,57792920,324.62,327.2,324.5
07/21/2020,325.01,57498970,326.45,326.93,323.94
07/20/2020,324.32,56308850,321.43,325.13,320.62
07/17/2020,321.72,62774910,321.88,322.57,319.735
07/16/2020,320.79,54622520,319.79,321.28,319.09
07/15/2020,321.85,87196520,322.41,323.04,319.265
07/14/2020,318.92,93656950,313.3,319.76,312
07/13/2020,314.84,102997500,320.13,322.71,314.13
07/10/2020,317.59,57550370,314.31,317.88,312.76
07/09/2020,314.38,83354160,316.84,317.1,310.68
07/08/2020,316.18,54638600,314.61,316.3,312.7
07/07/2020,313.78,82909960,315.38,317.52,313.37
07/06/2020,317.05,61713830,316.37,317.68,315.56
07/02/2020,312.23,69344220,314.24,315.7,311.51
07/01/2020,310.52,72396540,309.57,311.89,309.07
06/30/2020,308.36,113394800,303.99,310.2,303.82
06/29/2020,304.46,79773260,301.41,304.61,298.93
06/26/2020,300.05,127961000,306.16,306.39,299.42
06/25/2020,307.35,89467970,303.47,307.64,301.28
06/24/2020,304.09,132813500,309.84,310.51,302.1
06/23/2020,312.05,68471250,313.49,314.5,311.6101
06/22/2020,310.62,74649390,307.99,311.05,306.75
06/19/2020,308.64,135549600,314.17,314.38,306.53
06/18/2020,311.78,80828660,310.005,312.3,309.51
06/17/2020,311.66,83398940,314.07,314.39,310.86
06/16/2020,312.96,137627500,315.48,315.64,307.67
06/15/2020,307.05,135782700,298.02,308.28,296.74
06/12/2020,304.21,194678900,308.24,309.08,298.6
06/11/2020,300.61,209243600,311.46,312.15,300.01
06/10/2020,319,95000770,321.42,322.39,318.2209
06/09/2020,320.79,77479230,320.3,323.2849,319.36
06/08/2020,323.2,73641220,320.22,323.41,319.63
06/05/2020,319.34,150524700,317.23,321.275,317.16
06/04/2020,311.36,75794360,311.11,313,309.08
06/03/2020,312.18,92567570,310.24,313.22,309.94
06/02/2020,308.08,74267160,306.55,308.13,305.1
06/01/2020,305.55,56779840,303.62,306.205,303.06
05/29/2020,304.32,119265700,302.46,304.96,299.47
05/28/2020,302.97,90767810,304.65,306.84,302.24
05/27/2020,303.53,104817400,302.12,303.57,296.87
05/26/2020,299.08,88951440,301.93,302.19,295.4646
05/22/2020,295.44,63958200,294.57,295.63,293.22
05/21/2020,294.88,78293930,296.79,297.67,293.6886
05/20/2020,296.93,85861690,295.82,297.87,295.57
05/19/2020,291.97,95189320,294.35,296.205,291.95
05/18/2020,295,120320200,293.05,296.75,292.7
05/15/2020,286.28,111146300,282.37,286.33,281.34
05/14/2020,284.97,121977900,278.95,285.11,272.99
05/13/2020,281.6,144721100,286.06,287.19,278.965
05/12/2020,286.67,95870790,293.79,294.24,286.52
05/11/2020,292.5,79514230,290.34,294,289.88
05/08/2020,292.44,76622130,291.09,292.95,289.86
05/07/2020,287.68,75250410,287.75,289.78,287.13
05/06/2020,284.25,73632630,288.04,288.46,283.78
05/05/2020,286.19,79569940,286.64,289.25,283.7134
05/04/2020,283.57,80873210,280.74,283.9,279.13
05/01/2020,282.79,125180000,285.31,290.6572,281.52
04/30/2020,290.48,122901700,291.71,293.3239,288.59
04/29/2020,293.21,118745600,291.53,294.88,290.41
04/28/2020,285.73,105270000,291.02,291.4,285.4
04/27/2020,287.05,77896610,285.12,288.27,284.62
04/24/2020,282.97,85165950,280.73,283.7,278.5
04/23/2020,279.08,104709700,280.49,283.94,278.75
04/22/2020,279.1,93524580,278.35,281,276.91
04/21/2020,273.04,126385700,276.73,278.04,272.02
04/20/2020,281.59,100109300,282.61,286.7912,281.35
04/17/2020,286.64,146684800,285.38,287.3,282.4
04/16/2020,279.1,131798300,279.15,280.03,275.76
04/15/2020,277.76,121775000,277.57,283.9407,275.46
04/14/2020,283.79,134143400,280.98,284.9,275.5106
04/13/2020,275.66,114839100,277.14,277.51,271.41
04/09/2020,278.2,190282700,277.58,281.2,275.47
04/08/2020,274.03,153774500,267.96,276,265.2542
04/07/2020,265.13,201427200,274.21,275.03,264.89
04/06/2020,264.86,188061200,257.84,267,248.1698
04/03/2020,248.19,135561200,250.76,253.32,245.22
04/02/2020,251.83,177660400,245.19,252.68,244.59
04/01/2020,246.15,189554600,247.98,257.6591,243.9
03/31/2020,257.75,194881100,260.56,263.33,256.22
03/30/2020,261.65,170961900,255.7,262.43,253.53
03/27/2020,253.42,224341200,253.27,260.81,251.05
03/26/2020,261.2,257632800,249.52,262.8,249.05
03/25/2020,246.79,299430300,244.87,256.35,239.75
03/24/2020,243.15,235494500,234.42,244.1,233.8
03/23/2020,222.95,326025200,228.19,229.6833,218.26
03/20/2020,228.8,347158800,242.53,244.47,228.5
03/19/2020,240.51,289322000,239.25,247.38,232.22
03/18/2020,240,327597100,236.25,248.37,228.02
03/17/2020,252.8,262070500,245.04,256.17,237.07
03/16/2020,239.85,297240000,241.18,256.9,237.36
03/13/2020,269.32,329566100,263.09,271.4754,248.5237
03/12/2020,248.11,392220700,256,266.66,247.68
03/11/2020,274.36,256416600,280.7,281.94,270.88
03/10/2020,288.42,276444100,284.64,288.52,273.5
03/09/2020,274.23,309417300,275.3,284.19,273.45
03/06/2020,297.46,228667200,293.15,298.78,290.23
03/05/2020,302.46,186366800,304.98,308.47,300.01
03/04/2020,312.86,176613400,306.12,313.1,303.33
03/03/2020,300.24,300139100,309.5,313.84,297.57
03/02/2020,309.09,238703600,298.21,309.16,294.46
02/28/2020,296.26,385764000,288.7,297.892,285.54
02/27/2020,297.51,284353500,305.46,311.5637,297.51
02/26/2020,311.5,194773800,314.18,318.11,310.7
02/25/2020,312.65,218913200,323.94,324.61,311.69
02/24/2020,322.42,161088400,323.14,333.5623,321.24
02/21/2020,333.48,113788200,335.47,335.81,332.58
02/20/2020,336.95,74163360,337.7423,338.64,333.6817
02/19/2020,338.34,48814690,337.79,339.08,337.48
02/18/2020,336.73,57342530,336.51,337.6677,335.21
02/14/2020,337.6,64582210,337.51,337.73,336.2
02/13/2020,337.06,54501920,335.862,338.12,335.56
02/12/2020,337.42,43992660,336.83,337.65,336.43
02/11/2020,335.26,54864530,336.16,337.02,334.684
02/10/2020,334.68,42070010,331.23,334.75,331.19
02/07/2020,332.2,64139440,332.82,333.9941,331.6
02/06/2020,333.98,50359690,333.91,334.19,332.8
02/05/2020,332.86,65951150,332.27,333.09,330.67
02/04/2020,329.06,62573190,328.07,330.01,327.72
02/03/2020,324.12,69242290,323.35,326.16,323.22
01/31/2020,321.73,113845600,327,327.17,320.73
01/30/2020,327.68,75491840,324.36,327.91,323.54
01/29/2020,326.62,54040890,328.38,328.63,326.4
01/28/2020,326.89,63833950,325.06,327.85,323.6038
01/27/2020,323.5,84062460,323.03,325.12,322.66
01/24/2020,328.77,87578440,332.44,332.53,327.36
01/23/2020,331.72,51962990,330.63,332.1682,329.41
01/22/2020,331.34,48914900,332.24,332.95,331.17
01/21/2020,331.3,77742420,330.9,332.18,330.82
01/17/2020,331.95,95846020,331.7,332.18,330.8539
01/16/2020,330.92,54050330,329.7,330.92,329.45
01/15/2020,328.19,72056600,327.35,329.02,327.26
01/14/2020,327.45,63036380,327.47,328.62,326.844
01/13/2020,327.95,47262010,326.39,327.96,325.92
01/10/2020,325.71,53057390,327.29,327.46,325.2
01/09/2020,326.65,48569600,326.16,326.73,325.52
01/08/2020,324.45,68434150,322.94,325.78,322.67
01/07/2020,322.73,42854810,323.02,323.54,322.24
01/06/2020,323.64,55761950,320.49,323.73,320.36
01/03/2020,322.41,77783120,321.16,323.64,321.1
01/02/2020,324.87,59253830,323.54,324.89,322.53
12/31/2019,321.86,57107000,320.53,322.13,320.15
12/30/2019,321.08,49782730,322.95,323.1,320.55
12/27/2019,322.86,42554820,323.74,323.8,322.28
12/26/2019,322.94,31024190,321.65,322.95,321.64
12/24/2019,321.23,20270010,321.47,321.52,320.9
12/23/2019,321.22,53015640,321.59,321.65,321.06
12/20/2019,320.73,149338200,320.46,321.9742,319.3873
12/19/2019,320.9,85388420,319.8,320.98,319.5246
12/18/2019,319.59,48199960,320,320.25,319.53
12/17/2019,319.57,61131770,319.92,320.25,319.48
12/16/2019,319.5,82836130,319.22,320.15,317.2542
12/13/2019,317.32,81546490,316.87,318.67,316.02
12/12/2019,317.13,96585800,314.43,317.99,314.17
12/11/2019,314.42,53521450,314.03,314.7,313.4393
12/10/2019,313.53,53107130,313.82,314.55,312.81
12/09/2019,313.88,34904320,314.44,315.18,313.8
12/06/2019,314.87,48956770,314.12,315.31,314.11
12/05/2019,312.02,40781670,312.23,312.25,310.58
12/04/2019,311.46,49190400,310.7,312.12,310.32
12/03/2019,309.55,75172710,308.65,309.64,307.13
12/02/2019,311.64,76110030,314.59,314.66,311.17
11/29/2019,314.31,36592740,314.86,315.13,314.06
11/27/2019,315.48,44793180,314.61,315.48,314.37
11/26/2019,314.08,37727950,313.41,314.28,313.06
11/25/2019,313.37,48762680,311.98,313.37,311.98
11/22/2019,310.96,44850230,311.09,311.24,309.85
11/21/2019,310.27,54664690,310.89,311.01,309.39
11/20/2019,310.77,79696280,311.28,311.85,309.06
11/19/2019,311.93,67927820,312.68,312.69,311.22
11/18/2019,312.02,49327980,311.53,312.28,311.03
11/15/2019,311.79,62706190,311.02,311.84,310.26
11/14/2019,309.55,52001870,308.79,309.64,308.09
11/13/2019,309.1,54459020,307.91,309.54,307.66
11/12/2019,309,46484620,308.75,309.99,308.15
11/11/2019,308.35,35934910,307.42,308.54,307.27
11/08/2019,308.94,49068800,307.8,309.0036,307.03
11/07/2019,308.18,54272270,308.57,309.65,307.66
11/06/2019,307.1,46487110,307.03,307.4,306.06
11/05/2019,307.03,42933220,307.59,307.9195,306.71
11/04/2019,307.37,60606920,307.85,308,306.96
11/01/2019,306.14,71141520,304.92,306.19,304.74
10/31/2019,303.33,69053790,304.13,304.13,301.73
10/30/2019,304.14,49643930,303.43,304.55,301.99
10/29/2019,303.21,44284920,303,304.23,302.86
10/28/2019,303.3,42146970,302.94,303.85,302.91
10/25/2019,301.6,45205410,299.74,302.2,299.6806
10/24/2019,300.37,35857460,300.91,301.07,299.4601
10/23/2019,299.88,34991830,298.73,299.94,298.495
10/22/2019,299.01,49126040,300.58,300.9,298.91
10/21/2019,299.99,39460900,299.42,300.21,298.935
10/18/2019,297.97,64338030,298.69,299.395,296.99
10/17/2019,299.28,46784890,299.68,300.24,298.515
10/16/2019,298.4,50563600,298.37,299.16,297.92
10/15/2019,298.88,47832360,297.1,299.7,296.97
10/14/2019,295.95,40546670,295.93,296.67,295.57
10/11/2019,296.28,101228600,296.27,298.74,296.1448
10/10/2019,293.24,57255970,291.18,294.21,291
10/09/2019,291.27,65707330,290.75,292.3,288.6559
10/08/2019,288.53,101575500,291.04,291.85,288.49
10/07/2019,293.08,60656560,293.47,295.26,292.77
10/04/2019,294.35,66700680,291.14,294.63,290.82
10/03/2019,290.42,85906800,287.81,290.45,284.82
10/02/2019,288.06,124524000,291.5,291.51,286.64
10/01/2019,293.24,89900420,297.74,298.455,293
09/30/2019,296.77,52562760,295.97,297.55,295.92
09/27/2019,295.4,84781110,297.83,297.9465,293.69
09/26/2019,297,58722360,297.63,297.86,295.45
09/25/2019,297.62,73434080,295.96,298.11,294.33
09/24/2019,295.87,97367570,299.41,299.84,294.81
09/23/2019,298.21,47541320,297.55,299,297.27
09/20/2019,298.28,97455980,300.36,300.67,297.41
09/19/2019,301.08,78099220,301.53,302.63,300.7103
09/18/2019,301.1,74192090,300.49,301.22,298.24
09/17/2019,300.92,42904430,299.94,301.02,299.75
09/16/2019,300.16,58191180,299.84,301.1378,299.45
09/13/2019,301.09,62104840,301.78,302.17,300.68
09/12/2019,301.29,72908750,301.25,302.46,300.41
09/11/2019,300.25,68821070,298.47,300.34,297.75
09/10/2019,298.13,57947100,297.36,298.2,295.97
09/09/2019,298.2,51260290,299.14,299.24,297.16
09/06/2019,298.05,49584290,298.17,298.76,297.42
09/05/2019,297.82,83356780,296.79,298.83,294.001
09/04/2019,294.04,47003960,293.14,294.055,292.31
09/03/2019,290.74,69231880,290.57,291.58,289.27
08/30/2019,292.45,62961780,294.22,294.2399,291.42
08/29/2019,292.58,57998910,291.72,293.16,290.61
08/28/2019,288.89,59852320,286.14,289.07,285.25
08/27/2019,286.87,68263000,289.54,289.95,286.03
08/26/2019,288,72620600,287.27,288,285.58
08/23/2019,284.85,149318200,290.92,292.76,283.47
08/22/2019,292.36,51739290,293.23,293.93,290.4
08/21/2019,292.45,49723430,292.48,292.86,291.72
08/20/2019,290.09,51652750,291.77,292.36,289.95
08/19/2019,292.33,53640150,292.19,293.08,291.44
08/16/2019,288.85,85825290,286.48,289.33,284.7138
08/15/2019,284.65,101929800,284.88,285.64,282.39
08/14/2019,283.9,135622100,288.07,292.4644,283.76
08/13/2019,292.55,94792970,287.74,294.15,287.36
08/12/2019,288.07,65527630,289.96,291.6052,287.02
08/09/2019,291.62,93729960,292.58,293.24,289.65
08/08/2019,293.62,87713900,289.62,293.62,289.01
08/07/2019,287.97,140572300,284.4,288.82,282.04
08/06/2019,287.8,120711700,285.91,288.04,284.28
08/05/2019,283.82,178745400,288.09,288.21,281.72
08/02/2019,292.62,116749700,293.85,294.12,290.9
08/01/2019,294.84,142646600,297.6,300.87,293.96
07/31/2019,297.43,104245200,300.99,301.2,295.2
07/30/2019,300.72,45849050,299.91,301.17,299.49
07/29/2019,301.46,38126460,301.88,301.93,300.85
07/26/2019,302.01,45084080,300.76,302.23,300.62
07/25/2019,300,55394090,300.94,301,299.11
07/24/2019,301.44,47213230,299.19,301.44,299.09
07/23/2019,300.03,44657970,299.14,300.03,298.22
07/22/2019,297.9,43687400,297.61,298.5,297.04
07/19/2019,297.17,71081240,300.04,300.07,296.96
07/18/2019,298.83,51701690,297.19,299.25,296.7
07/17/2019,297.74,44102440,299.75,299.93,297.74
07/16/2019,299.71,40567960,300.65,300.88,299.44
07/15/2019,300.75,33910260,301.13,301.13,300.19
07/12/2019,300.65,40354410,299.85,300.73,299.51
07/11/2019,299.31,50889480,299.32,299.58,298.2
07/10/2019,298.61,58595560,298.37,299.66,297.78
07/09/2019,297.19,41101280,295.54,297.52,295.48
07/08/2019,296.82,45841770,297.01,298.2579,296.22
07/05/2019,298.46,51677330,297.44,298.64,296.01
07/03/2019,298.8,40898900,297.18,298.82,297.02
07/02/2019,296.43,61504540,295.61,296.49,294.68
07/01/2019,295.66,79107470,296.68,296.92,294.33
06/28/2019,293,59350930,292.58,293.55,292.01
06/27/2019,291.5,40355240,291.31,292.06,290.89
06/26/2019,290.47,51584900,291.75,292.31,290.345
06/25/2019,290.76,82028660,293.7,293.73,290.64
06/24/2019,293.64,47582730,294.23,294.58,293.47
06/21/2019,294,83309470,294.13,295.52,293.76
06/20/2019,295.86,116570000,296.04,296.3093,293.1255
06/19/2019,293.06,78674380,292.55,293.65,291.47
06/18/2019,292.4,85434820,291.39,293.57,290.99
06/17/2019,289.37,39205710,289.52,290.22,289.18
06/14/2019,289.26,52324720,289.26,289.93,288.41
06/13/2019,289.58,48945160,289.4,289.98,288.62
06/12/2019,288.39,47096310,288.64,289.26,287.815
06/11/2019,288.9,58641330,290.99,291.4,288.1805
06/10/2019,288.97,60799050,289.37,290.82,288.8734
06/07/2019,287.65,74272200,285.93,288.85,285.74
06/06/2019,284.8,69430380,283.29,285.55,282.57
06/05/2019,282.96,71169720,282.33,282.99,280.32
06/04/2019,280.53,77231890,277.12,280.68,276.62
06/03/2019,274.57,96427950,275.31,276.5521,273.09
05/31/2019,275.27,86862780,276.2,277.12,275.24
05/30/2019,279.03,62523780,279.11,280.04,277.805
05/29/2019,278.27,104972900,278.91,279.36,276.71
05/28/2019,280.15,70029360,283.09,284.15,280.13
05/24/2019,282.78,55268100,283.74,284.2,282.09
05/23/2019,282.14,98733850,283.16,283.21,280.57
05/22/2019,285.63,49482470,285.45,286.69,285.1
05/21/2019,286.51,46847090,285.83,286.93,285.55
05/20/2019,283.95,62877610,284.06,285.43,283.12
05/17/2019,285.84,100353000,285.14,288.6,285.1207
05/16/2019,287.7,76749640,285.84,289.21,285.76
05/15/2019,285.06,73956410,281.59,285.77,281.36
05/14/2019,283.4,77003230,281.99,285.1,281.85
05/13/2019,280.86,127290500,282.42,283.49,279.93
05/10/2019,288.1,112429300,285.62,288.94,282.3
05/09/2019,286.66,103471100,285.23,287.33,283.3
05/08/2019,287.53,91568290,287.53,289.43,286.87
05/07/2019,287.93,144729900,290.15,290.81,285.81
05/06/2019,292.82,107198100,289.25,293.31,288.9
05/03/2019,294.03,56543650,292.82,294.34,291.2998
05/02/2019,291.18,65030170,291.68,292.7,289.52
05/01/2019,291.81,71671870,294.72,294.95,291.8
04/30/2019,294.02,78594690,293.49,294.34,291.92
04/29/2019,293.87,57043380,293.51,294.45,293.41
04/26/2019,293.41,50868100,292.1,293.49,291.2401
04/25/2019,292.05,57578550,292.12,292.78,290.73
04/24/2019,292.23,49470960,292.79,293.16,292.07
04/23/2019,292.88,52136160,290.68,293.14,290.42
04/22/2019,290.27,39992680,289.17,290.435,289.07
04/18/2019,290.02,68662280,290.1,290.32,288.66
04/17/2019,289.45,58028490,291.4,291.425,288.99
04/16/2019,290.16,52066270,290.95,291.01,289.5
04/15/2019,289.97,49795630,290.24,290.35,289.075
04/12/2019,290.16,69638530,290,290.47,288.261
04/11/2019,288.21,54940520,288.83,288.84,287.578
04/10/2019,288.29,52463390,287.77,288.3899,287.31
04/09/2019,287.31,66072820,287.72,288.08,286.7
04/08/2019,288.79,53462150,288.1,288.91,287.37
04/05/2019,288.57,58454610,287.92,288.63,287.6
04/04/2019,287.18,48868830,286.78,287.459,286.01
04/03/2019,286.42,68027480,287.32,287.76,285.75
04/02/2019,285.97,39939210,286.04,286.23,285.09
04/01/2019,285.83,77289510,284.7,286.16,284.4
03/29/2019,282.48,81882480,282.39,282.84,281.14
03/28/2019,280.71,55987830,280.35,281.21,279.07
03/27/2019,279.65,72092750,281.11,281.76,277.93
03/26/2019,281.12,67884060,280.99,282.18,279.56
03/25/2019,279.04,84898680,278.87,280.1853,277.64
03/22/2019,279.25,122400900,283.22,283.8034,279.18
03/21/2019,284.73,79394020,280.64,285.18,280.59
03/20/2019,281.55,84349430,282.16,283.5,280.32
03/19/2019,282.4,90060530,283.51,284.36,281.41
03/18/2019,282.33,61813150,281.55,282.66,281.3
03/15/2019,281.31,80558110,280.54,282.21,280.33
03/14/2019,281.16,67354180,281.37,281.84,280.6662
03/13/2019,281.34,80111580,280.48,282.38,280.3
03/12/2019,279.49,79432230,279.06,280.07,278.85
03/11/2019,278.44,64752480,275.26,278.62,275.23
03/08/2019,274.46,85634780,272.94,274.65,272.42
03/07/2019,275.01,94692650,276.83,276.99,274.07
03/06/2019,277.33,74824560,279.15,279.16,276.97
03/05/2019,279.02,58813100,279.54,279.76,278.41
03/04/2019,279.4,106181700,281.6,281.87,276.84
03/01/2019,280.42,77586110,280.44,280.88,278.82
02/28/2019,278.68,69048080,278.96,279.45,278.32
02/27/2019,279.2,56131350,278.52,279.59,277.48
02/26/2019,279.32,56491990,279.13,280.3,278.9
02/25/2019,279.52,68642630,280.73,281.31,279.43
02/22/2019,279.14,77132070,278.11,279.36,277.4029
02/21/2019,277.42,63984460,277.7,278.1,276.345
02/20/2019,278.41,76479570,277.81,278.92,277.25
02/19/2019,277.85,58802310,276.481,278.58,276.47
02/15/2019,277.37,96744830,276.36,277.41,276.13
02/14/2019,274.38,82409970,273.78,275.64,272.87
02/13/2019,274.99,64930780,275.03,275.93,274.56
02/12/2019,274.1,71990420,272.42,274.52,272.34
02/11/2019,270.62,67807910,271.2,271.49,270.03
02/08/2019,270.47,75742440,268.75,270.58,267.83
02/07/2019,270.14,95030290,270.94,271.55,268.29
02/06/2019,272.74,58009950,272.79,273.34,271.92
02/05/2019,273.1,79447070,272.44,273.44,271.88
02/04/2019,271.96,60610790,270.11,272.03,269.36
02/01/2019,270.06,85738850,270.15,271.2,269.18
01/31/2019,269.93,103347200,267.51,270.47,267.27
01/30/2019,267.58,92069900,265.1,268.52,264.25
01/29/2019,263.41,65024130,263.92,264.55,262.48
01/28/2019,263.76,85027280,263.39,263.83,261.79
01/25/2019,265.78,96838230,265.61,266.7,263.6595
01/24/2019,263.55,58643080,263.21,264.2,262.08
01/23/2019,263.41,84305190,264.01,264.79,260.66
01/22/2019,262.86,115253300,264.82,265.06,261.06
01/18/2019,266.46,124175900,264.98,266.98,262.998
01/17/2019,262.96,94873800,260.01,263.92,259.96
01/16/2019,260.98,77489420,260.83,261.9666,260.6
01/15/2019,260.35,84892580,257.82,260.7,257.81
01/14/2019,257.4,69913980,256.86,258.3,256.41
01/11/2019,258.98,72812270,257.68,259.0098,257.03
01/10/2019,258.88,96462500,256.26,259.16,255.5
01/09/2019,257.97,94640560,257.56,258.91,256.19
01/08/2019,256.77,101804900,256.82,257.31,254
01/07/2019,254.38,102307400,252.69,255.95,251.69
01/04/2019,252.39,142444500,247.59,253.11,247.17
01/03/2019,244.21,142029300,248.23,248.57,243.67
01/02/2019,250.18,126041700,245.98,251.21,245.95
12/31/2018,249.92,143399900,249.56,250.19,247.47
12/28/2018,247.75,152931300,249.58,251.4,246.45
12/27/2018,248.07,184664900,242.57,248.29,238.96
12/26/2018,246.18,217567600,235.97,246.18,233.76
12/24/2018,234.34,147311600,239.04,240.8355,234.27
12/21/2018,240.7,252779300,246.74,249.71,239.98
12/20/2018,247.17,247438000,249.86,251.62,244.65
12/19/2018,251.26,214312900,255.17,259.4,249.35
12/18/2018,255.08,133073600,257.2,257.95,253.28
12/17/2018,255.36,165088800,259.4,260.65,253.525
12/14/2018,260.47,116727700,262.96,264.03,259.85
12/13/2018,265.37,96168730,266.52,267.49,264.12
12/12/2018,265.46,97670090,267.47,269,265.37
12/11/2018,264.13,120632500,267.66,267.87,262.48
12/10/2018,264.07,151022400,263.37,265.1613,258.62
12/07/2018,263.57,160872400,269.46,271.22,262.63
12/06/2018,269.84,203716500,265.92,269.97,262.44
12/04/2018,270.25,176092500,278.37,278.85,269.9
12/03/2018,279.3,102782300,280.28,280.4,277.505
11/30/2018,275.65,95107720,273.81,276.28,273.45
11/29/2018,273.98,81616860,273.71,275.55,272.43
11/28/2018,274.58,127124600,269.6,274.58,268.3272
11/27/2018,268.4,75273810,266.34,268.4,265.66
11/26/2018,267.5,79705470,265.78,267.75,265.34
11/23/2018,263.25,42807880,263.18,264.8234,263.07
11/21/2018,265.02,73868530,265.86,267.15,265.01
11/20/2018,264.12,135506200,265.36,267,263.15
11/19/2018,269.1,102555300,273.05,273.38,268.07
11/16/2018,273.73,126601900,271.79,274.75,271.21
11/15/2018,273.02,134732600,268.78,273.54,267.0102
11/14/2018,270.2,124389400,274.16,274.61,268.45
11/13/2018,272.06,97769120,273.09,275.325,271.25
11/12/2018,272.57,99129960,277.19,277.46,271.99
11/09/2018,277.76,98751520,279.03,279.24,276.18
11/08/2018,280.5,65315460,280.11,281.22,279.22
11/07/2018,281.01,102473700,277.56,281.1,277.08
11/06/2018,275.12,58983590,273.32,275.3,273.25
11/05/2018,273.39,65439740,272.44,274.01,271.35
11/02/2018,271.89,122439600,274.75,275.23,269.59
11/01/2018,273.51,98741380,271.6,273.73,270.38
10/31/2018,270.63,127608600,270.65,273.23,270.12
10/30/2018,267.77,156591000,263.67,268.12,263.12
10/29/2018,263.86,159000800,268.8,270.25,259.85
10/26/2018,265.33,201334300,265.92,271,262.29
10/25/2018,270.08,137407500,267.38,271.81,266.23
10/24/2018,265.32,175529100,273.33,273.76,264.7
10/23/2018,273.61,145303800,270.95,274.87,268.61
10/22/2018,275.01,82135740,277,277.36,274.41
10/19/2018,276.25,139420600,277.13,279.3,275.47
10/18/2018,276.4,134193100,279.4,280.07,274.97
10/17/2018,280.45,110264900,280.44,281.15,277.56
10/16/2018,280.4,118066700,276.6,280.82,276.07
10/15/2018,274.4,101950500,275.55,277.04,274.3
10/12/2018,275.95,182875500,276.77,277.09,272.37
10/11/2018,272.17,272817700,277.08,278.9,270.36
10/10/2018,278.3,211986800,286.83,286.91,277.88
10/09/2018,287.4,74119800,287.39,288.86,286.77
10/08/2018,287.82,87632150,287.05,288.22,285.5
10/05/2018,287.82,105802000,289.69,290.27,286.22
10/04/2018,289.44,111364900,291.18,291.24,287.66
10/03/2018,291.72,64562270,292.74,293.21,291.32
10/02/2018,291.56,47142170,291.56,292.355,291.14
10/01/2018,291.73,61989950,292.11,292.93,290.98
09/28/2018,290.72,70041610,289.99,291.28,289.95
09/27/2018,290.69,59169340,290.41,291.91,290.1
09/26/2018,289.88,79534430,290.91,292.24,289.41
09/25/2018,290.75,44311990,291.53,291.65,290.4833
09/24/2018,291.02,53235550,291.34,291.5,290.37
09/21/2018,291.99,105393700,293.09,293.22,291.81
09/20/2018,293.58,100066700,292.64,293.94,291.2363
09/19/2018,291.22,48973100,290.97,291.69,290.825
09/18/2018,290.91,61839370,289.58,291.58,289.55
09/17/2018,289.34,67988580,290.82,290.86,289.03
09/14/2018,290.88,54931910,291.06,291.27,290
09/13/2018,290.83,50918630,290.32,291.0384,289.995
09/12/2018,289.12,59732730,289.06,289.8,288.23
09/11/2018,289.05,50392160,287.37,289.55,286.975
09/10/2018,288.1,49916740,288.74,289.04,287.88
09/07/2018,287.6,72113310,286.98,288.7,286.71
09/06/2018,288.16,65822170,289.15,289.49,287
09/05/2018,289.03,71962480,289.41,289.64,287.89
09/04/2018,289.81,57127320,289.84,290.21,288.68
08/31/2018,290.31,65239910,289.84,290.81,289.29
08/30/2018,290.3,61132280,290.94,291.36,289.63
08/29/2018,291.48,61428440,290.16,291.74,289.8854
08/28/2018,289.92,46825850,290.3,290.4175,289.4
08/27/2018,289.78,56960210,288.86,289.9,288.68
08/24/2018,287.51,57455140,286.44,287.67,286.38
08/23/2018,285.79,49159070,285.97,286.94,285.43
08/22/2018,286.17,44860080,285.88,286.76,285.575
08/21/2018,286.34,66735600,286.25,287.31,285.7135
08/20/2018,285.67,39617170,285.57,285.97,285.06
08/17/2018,285.06,65486180,283.83,285.5601,283.37
08/16/2018,284.06,69735140,283.4,285.04,283.36
08/15/2018,281.78,102770900,282.38,282.54,280.16
08/14/2018,283.9,43699800,282.92,284.17,282.4833
08/13/2018,282.1,65603520,283.47,284.16,281.77
08/10/2018,283.16,76861430,283.45,284.055,282.36
08/09/2018,285.07,35577000,285.53,285.97,284.915
08/08/2018,285.46,41980470,285.39,285.91,284.94
08/07/2018,285.58,43055550,285.39,286.01,285.24
08/06/2018,284.64,39089820,283.64,284.99,283.2015
08/03/2018,283.6,53903840,282.53,283.6577,282.33
08/02/2018,282.39,63362570,279.39,282.58,279.16
08/01/2018,280.86,53750270,281.56,282.13,280.1315
07/31/2018,281.33,68048690,280.81,282.02,280.38
07/30/2018,279.95,63129490,281.51,281.69,279.36
07/27/2018,281.42,76745550,283.71,283.82,280.38
07/26/2018,283.34,57764990,283.2,284.11,283.09
07/25/2018,284.01,78136310,281.33,284.37,281.28
07/24/2018,281.61,67830670,281.79,282.56,280.63
07/23/2018,280.2,46971110,279.45,280.43,279.06
07/20/2018,279.68,83120620,279.77,280.48,279.5
07/19/2018,280,61337540,280.31,280.74,279.46
07/18/2018,281.06,44475860,280.56,281.18,280.06
07/17/2018,280.47,52171530,278.47,280.91,278.41
07/16/2018,279.34,48070320,279.64,279.803,278.84
07/13/2018,279.59,48211510,279.17,279.93,278.66
07/12/2018,279.37,59986150,278.28,279.43,277.6
07/11/2018,276.86,76905490,277.15,278.04,276.52
07/10/2018,278.9,51162450,278.41,279.01,278.08
07/09/2018,277.9,49652160,276.55,277.96,276.5
07/06/2018,275.42,66414600,273.14,275.84,272.715
07/05/2018,273.11,56621680,272.17,273.18,270.96
07/03/2018,270.9,42187070,272.87,272.98,270.42
07/02/2018,271.86,63370550,269.51,272.04,269.24
06/29/2018,271.28,97444490,272.12,273.66,271.1495
06/28/2018,270.89,76511740,269.29,271.75,268.49
06/27/2018,269.35,104838900,272.26,273.865,269.18
06/26/2018,271.6,68525150,271.64,272.56,270.79
06/25/2018,271,137668700,273.44,273.6162,269.1
06/22/2018,274.74,56516380,275.66,275.785,274.49
06/21/2018,274.24,70864990,275.96,275.98,273.68
06/20/2018,275.97,53652060,276.27,276.72,275.59
06/19/2018,275.5,97395160,274,275.75,273.53
06/18/2018,276.56,52549580,275.49,276.7,274.95
06/15/2018,277.13,119448800,276.6,277.51,275.35
06/14/2018,278.73,76394330,279.01,279.33,278.0599
06/13/2018,278.03,78889800,279.19,279.48,277.8
06/12/2018,278.92,72240090,279.03,279.33,278.19
06/11/2018,278.56,58757260,278.44,279.37,278.31
06/08/2018,278.19,71981550,276.85,278.25,276.66
06/07/2018,277.37,72882070,277.95,278.28,276.34
06/06/2018,277.4,62498610,275.79,277.52,275.09
06/05/2018,275.1,50988090,275.05,275.53,274.18
06/04/2018,274.9,45188240,274.53,275.185,274.26
06/01/2018,273.6,71088010,272.41,273.94,272.33
05/31/2018,270.94,93426970,272.15,272.49,270.255
05/30/2018,272.61,69396900,270.5,273.11,270.42
05/29/2018,269.02,115692100,270.31,271.17,267.76
05/25/2018,272.15,56329040,272.15,272.86,271.58
05/24/2018,272.8,75966080,272.91,273.22,270.78
05/23/2018,273.36,64605540,271.17,273.39,270.99
05/22/2018,272.61,52880880,273.96,274.25,272.24
05/21/2018,273.37,57738110,273.01,273.98,271.3512
05/18/2018,271.33,64174990,271.62,272.03,270.93
05/17/2018,272.01,56371150,271.94,273.23,271.13
05/16/2018,272.24,53759700,271.14,272.76,271.11
05/15/2018,271.1,86876380,271.59,271.61,270.03
05/14/2018,272.98,54702570,273.34,274.08,272.36
05/11/2018,272.85,59725680,272.16,273.15,271.58
05/10/2018,272.02,70764000,270.34,272.39,270.22
05/09/2018,269.5,59538590,267.68,269.865,267.09
05/08/2018,266.92,67338050,266.5,267.325,265.15
05/07/2018,266.92,55054350,266.89,268.02,266.11
05/04/2018,266.02,91154240,261.52,266.7892,261.15
05/03/2018,262.62,136144700,262.26,263.36,259.05
05/02/2018,263.2,85501550,264.76,265.68,262.76
05/01/2018,264.98,75986700,263.87,265.1,262.11
04/30/2018,264.51,80475460,267.26,267.89,264.43
04/27/2018,266.56,57021920,267,267.34,265.5
04/26/2018,266.31,67441210,264.79,267.2452,264.29
04/25/2018,263.63,103238300,262.91,264.13,260.85
04/24/2018,262.98,112734000,267.73,267.9762,261.28
04/23/2018,266.57,65463180,267.26,267.89,265.35
04/20/2018,266.61,99469420,268.81,269.06,265.61
04/19/2018,268.89,77570630,269.65,269.88,267.72
04/18/2018,270.39,57073780,270.69,271.3,269.87
04/17/2018,270.19,64011070,269.33,270.87,268.75
04/16/2018,267.33,62762920,267,268.2,266.07
04/13/2018,265.15,84883690,267.41,267.54,264.01
04/12/2018,265.93,68430410,265.26,267,265.06
04/11/2018,263.76,91002710,263.47,265.64,263.39
04/10/2018,265.15,105267300,264.27,266.04,262.98
04/09/2018,261,104953500,261.37,264.84,259.9356
04/06/2018,259.72,179290700,263.42,265.11,258
04/05/2018,265.64,80939550,265.55,266.64,264.32
04/04/2018,263.56,123488600,256.75,264.355,256.6
04/03/2018,260.77,119649600,258.87,261.31,256.84
04/02/2018,257.47,185059000,262.55,263.13,254.67
03/29/2018,263.15,123918900,261.12,265.26,259.8389
03/28/2018,259.83,146259600,260.75,262.64,258.58
03/27/2018,260.6,129121800,266.17,266.77,258.84
03/26/2018,265.11,141055300,262.13,265.43,259.41
03/23/2018,258.05,183290800,264.17,265.02,257.83
03/22/2018,263.67,147715200,267.91,268.87,263.36
03/21/2018,270.43,78515750,270.9,273.27,270.19
03/20/2018,270.95,59438810,270.94,271.67,270.18
03/19/2018,270.49,108516000,273.35,274.3957,268.62
03/16/2018,274.2,99805450,274.5,275.39,274.14
03/15/2018,275,80722410,275.88,276.61,274.43
03/14/2018,275.3,105737200,277.81,278.02,274.67
03/13/2018,276.72,89639370,279.84,280.41,276.03
03/12/2018,278.52,71759540,279.2,279.91,278.0801
03/09/2018,278.87,113447100,275.7,278.87,275.34
03/08/2018,274.1,66585910,273.55,274.24,272.42
03/07/2018,272.78,86910350,270.42,273.18,270.2
03/06/2018,272.88,75247670,273.3,273.39,271.18
03/05/2018,272.19,96744650,267.73,272.89,267.61
03/02/2018,269.08,138968000,265.8,269.72,264.82
03/01/2018,267.7,176457600,271.41,273.17,266
02/28/2018,271.65,121488400,275.68,276.19,271.29
02/27/2018,274.43,98302760,278.11,278.92,274.36
02/26/2018,277.9,85166420,275.93,278.01,275.26
02/23/2018,274.71,92045650,271.79,274.71,271.25
02/22/2018,270.4,108484800,271.1,273.05,269.64
02/21/2018,270.05,97671020,271.9,274.72,269.94
02/20/2018,271.4,85431860,272.03,273.67,270.5
02/16/2018,273.11,160341500,272.32,275.32,272.27
02/15/2018,273.03,110226800,271.57,273.04,268.77
02/14/2018,269.59,120406400,264.31,270,264.3
02/13/2018,266,81055770,263.97,266.62,263.31
02/12/2018,265.34,140752800,263.83,267.01,261.6644
02/09/2018,261.5,283273100,260.8,263.61,252.92
02/08/2018,257.63,244841900,268.01,268.17,257.59
02/07/2018,267.67,166678000,268.5,272.36,267.58
02/06/2018,269.13,353681700,259.94,269.7,258.7
02/05/2018,263.93,292453400,273.45,275.85,263.31
02/02/2018,275.45,172897100,280.08,280.23,275.41
02/01/2018,281.58,89757330,281.07,283.06,280.68
01/31/2018,281.9,118655600,282.73,283.3,280.68
01/30/2018,281.76,131479000,282.6,284.736,281.22
01/29/2018,284.68,89891820,285.93,286.43,284.5
01/26/2018,286.58,107598800,284.25,286.6285,283.96
01/25/2018,283.3,84342320,284.16,284.27,282.405
01/24/2018,283.18,134617200,284.02,284.7,281.84
01/23/2018,283.29,96892090,282.74,283.62,282.37
01/22/2018,282.69,91146870,280.17,282.69,280.11
01/19/2018,280.41,141303100,279.8,280.41,279.14
01/18/2018,279.14,100397600,279.48,279.96,278.58
01/17/2018,279.61,112844200,278.03,280.05,276.97
01/16/2018,276.97,106269200,279.35,280.09,276.18
01/12/2018,277.92,90463870,276.42,278.11,276.0819
01/11/2018,276.12,62236650,274.75,276.12,274.56
01/10/2018,274.12,69394220,273.68,274.42,272.92
01/09/2018,274.54,57114650,274.4,275.25,274.081
01/08/2018,273.92,57116850,273.31,274.1,272.98
01/05/2018,273.42,82724160,272.51,273.56,271.95
01/04/2018,271.61,80455860,271.2,272.16,270.5447
01/03/2018,270.47,89133670,268.96,270.64,268.96
01/02/2018,268.77,86408820,267.84,268.81,267.4
12/29/2017,266.86,95651160,268.53,268.55,266.64
12/28/2017,267.87,44797000,267.89,267.92,267.45
12/27/2017,267.32,57677280,267.38,267.73,267.01
12/26/2017,267.19,45106430,267.05,267.4377,266.885
12/22/2017,267.51,78657310,267.6,267.635,266.9
12/21/2017,267.58,65925710,267.74,268.385,267.3
12/20/2017,267.03,76604710,268.27,268.33,266.69
12/19/2017,267.17,78001550,268.48,268.53,267.09
12/18/2017,268.2,83360810,268.1,268.6,267.98
12/15/2017,266.51,142356000,265.45,267.04,265.39
12/14/2017,265.66,99647210,267.09,267.22,265.6
12/13/2017,266.75,102819600,267.06,267.56,266.65
12/12/2017,266.78,84494560,266.57,267.32,266.345
12/11/2017,266.31,82848590,265.58,266.38,265.4793
12/08/2017,265.51,76301480,264.99,265.52,264.0315
12/07/2017,264.07,76832360,263.09,264.43,262.94
12/06/2017,263.24,75513050,262.87,263.73,262.71
12/05/2017,263.19,77839930,264.43,265.15,263.04
12/04/2017,264.14,93827280,266.31,266.8,264.08
12/01/2017,264.46,163874800,264.76,265.31,260.76
11/30/2017,265.01,126401000,263.76,266.05,263.67
11/29/2017,262.71,77179920,263.02,263.63,262.2
11/28/2017,262.87,98662580,260.76,262.9,260.655
11/27/2017,260.23,52070370,260.41,260.75,260
11/24/2017,260.36,27856510,260.32,260.48,260.16
11/22/2017,259.76,44890370,260,260.15,259.57
11/21/2017,259.99,68920380,259.18,260.2,258.2627
11/20/2017,258.3,47835520,258.14,258.525,257.86
11/17/2017,257.86,75679800,258.22,258.5882,257.77
11/16/2017,258.62,67487850,257.52,259.04,257.4748
11/15/2017,256.44,80248990,256.62,257.22,255.63
11/14/2017,257.73,61082090,257.41,257.85,256.52
11/13/2017,258.33,50040800,257.31,258.59,257.27
11/10/2017,258.09,59830970,257.73,258.2926,257.37
11/09/2017,258.17,94490930,257.73,258.39,256.36
11/08/2017,259.11,50277640,258.47,259.22,258.15
11/07/2017,258.67,57178400,258.97,259.35,258.09
11/06/2017,258.85,49529150,258.3,259,258.22
11/03/2017,258.45,59484150,257.77,258.5,257.3
11/02/2017,257.59,56264600,257.41,257.75,256.19
11/01/2017,257.49,54104920,258.04,258.43,257.07
10/31/2017,257.15,59193910,257.18,257.44,256.805
10/30/2017,256.75,54223350,257.07,257.6,256.41
10/27/2017,257.71,85252510,256.47,257.89,255.6254
10/26/2017,255.62,69643520,255.99,256.3,255.48
10/25/2017,255.29,103485100,256.18,256.31,254
10/24/2017,256.56,65036180,256.6,256.83,256.15
10/23/2017,256.11,63838430,257.48,257.51,256.02
10/20/2017,257.11,89064780,256.7,257.14,255.7744
10/19/2017,255.79,61697310,254.83,255.83,254.35
10/18/2017,255.72,40613860,255.9,255.95,255.5
10/17/2017,255.47,31446710,255.23,255.52,254.98
10/16/2017,255.29,38097990,255.21,255.51,254.82
10/13/2017,254.95,55027240,255.14,255.27,254.64
10/12/2017,254.64,46825470,254.66,255.06,254.365
10/11/2017,255.02,47496390,254.51,255.02,254.32
10/10/2017,254.62,42854370,254.6,255.05,253.98
10/09/2017,253.95,35697230,254.63,254.7,253.65
10/06/2017,254.37,80525280,254.15,254.7008,253.85
10/05/2017,254.66,63350340,253.54,254.68,253.196
10/04/2017,253.16,55799300,252.69,253.44,252.56
10/03/2017,252.86,66628100,252.46,252.89,252.23
10/02/2017,252.32,58696810,251.49,252.32,251.2926
09/29/2017,251.23,85201140,250.34,251.32,250.13
09/28/2017,250.35,44658490,249.73,250.44,249.63
09/27/2017,250.05,80720860,249.88,250.49,248.87
09/26/2017,249.08,54025690,249.42,249.7,248.805
09/25/2017,248.93,56897290,249.15,249.5532,248.08
09/22/2017,249.44,51187270,249.05,249.63,249.02
09/21/2017,249.39,48070470,249.88,249.98,249.185
09/20/2017,250.06,59451260,250.07,250.19,248.92
09/19/2017,249.97,46977870,250,250.07,249.6
09/18/2017,249.72,46389770,249.61,250.12,249.28
09/15/2017,249.19,94195140,248.69,249.29,248.57
09/14/2017,250.09,94415520,249.8,250.32,249.6
09/13/2017,250.17,58999620,249.72,250.21,249.59
09/12/2017,250.05,56617170,249.63,250.09,249.42
09/11/2017,249.21,71248670,248.04,249.3,248.02
09/08/2017,246.58,63733100,246.54,247.11,246.3
09/07/2017,246.87,57769340,247.25,247.27,246.4
09/06/2017,246.9,57577360,246.84,247.28,246.23
09/05/2017,246.06,90176820,247.26,247.52,244.95
09/01/2017,247.84,61928670,247.92,248.33,247.67
08/31/2017,247.49,102987700,246.72,247.77,246.0473
08/30/2017,246.01,61742150,244.83,246.32,244.62
08/29/2017,244.85,50873040,243.06,245.15,242.93
08/28/2017,244.57,38914700,245.17,245.2,244.09
08/25/2017,244.56,63764770,244.9,245.61,244.39
08/24/2017,243.99,50537170,245,245.18,243.75
08/23/2017,244.56,49991840,244.33,245.05,244.16
08/22/2017,245.44,62968970,243.57,245.62,243.55
08/21/2017,242.9,65355480,242.64,243.2,241.83
08/18/2017,242.71,136647500,242.9,244.189,242.2
08/17/2017,243.09,127904900,246.24,246.6,243.09
08/16/2017,246.94,56456130,247.11,247.57,246.45
08/15/2017,246.51,55046030,246.98,247,246.16
08/14/2017,246.54,73068140,245.59,246.79,245.55
08/11/2017,244.12,74719460,244.02,244.8,243.75
08/10/2017,243.76,119874200,246.29,246.44,243.7
08/09/2017,247.25,62302650,246.47,247.31,246.06
08/08/2017,247.26,61437080,247.51,248.91,246.83
08/07/2017,247.87,31853630,247.49,247.87,247.37
08/04/2017,247.41,60164150,247.52,247.79,246.97
08/03/2017,246.96,40725660,247.31,247.34,246.64
08/02/2017,247.44,46641310,247.47,247.6,246.37
08/01/2017,247.32,54942570,247.46,247.5,246.716
07/31/2017,246.77,65446360,247.37,247.48,246.53
07/28/2017,246.91,50018870,246.65,247.06,246.13
07/27/2017,247.2,70410610,247.96,248,245.68
07/26/2017,247.43,47318940,247.75,247.79,247.13
07/25/2017,247.42,54492150,247.68,247.8,247.16
07/24/2017,246.82,46497170,246.79,246.98,246.28
07/21/2017,246.88,88656800,246.44,246.91,246.18
07/20/2017,247.1,46994570,247.28,247.42,246.47
07/19/2017,246.99,50876400,246.02,247,246.01
07/18/2017,245.66,42462230,245.06,245.72,244.67
07/17/2017,245.53,33455300,245.47,245.91,245.33
07/14/2017,245.56,60218150,244.43,245.97,244.31
07/13/2017,244.42,39374380,244.02,244.55,243.76
07/12/2017,244.01,59173800,243.3,244.2,243.3
07/11/2017,242.19,50246650,242.16,242.55,240.85
07/10/2017,242.37,36531030,241.95,242.8,241.76
07/07/2017,242.11,57080980,241.21,242.28,240.5645
07/06/2017,240.55,65968410,241.89,242.03,240.34
07/05/2017,242.77,54252310,242.63,243.01,241.7
07/03/2017,242.21,39153810,242.88,243.38,242.21
06/30/2017,241.8,85199080,242.28,242.71,241.575
06/29/2017,241.35,106617800,243.66,243.72,239.955
06/28/2017,243.49,69904140,242.5,243.715,242.23
06/27/2017,241.33,82144080,243.04,243.38,241.31
06/26/2017,243.29,56556170,243.9,244.38,243.045
06/23/2017,243.13,66839890,242.91,243.51,242.47
06/22/2017,242.84,44068300,242.96,243.53,242.64
06/21/2017,242.95,55784180,243.42,243.59,242.41
06/20/2017,243.01,56516390,244.25,244.26,242.99
06/19/2017,244.66,64836890,243.59,244.73,243.48
06/16/2017,242.64,83932400,242.77,242.83,241.6337
06/15/2017,243.77,66366470,242.68,243.91,242.36
06/14/2017,244.24,78152710,244.86,244.87,243.29
06/13/2017,244.55,59719680,243.98,244.61,243.5799
06/12/2017,243.36,85851610,243.13,243.42,242.38
06/09/2017,243.41,132130500,244.09,245.01,241.95
06/08/2017,243.78,65450200,243.77,244.33,243.17
06/07/2017,243.66,53896140,243.6,243.92,242.83
06/06/2017,243.21,50250970,243.34,243.98,243.12
06/05/2017,243.99,44657990,243.97,244.3,243.76
06/02/2017,244.17,88562440,243.42,244.35,243.08
06/01/2017,243.36,68657470,241.97,243.38,241.64
05/31/2017,241.44,90456540,241.84,241.88,240.64
05/30/2017,241.5,35144010,241.34,241.79,241.16
05/26/2017,241.71,46547760,241.54,241.9,241.45
05/25/2017,241.76,63952460,241.2,242.08,240.96
05/24/2017,240.61,48761320,240.32,240.73,239.93
05/23/2017,240.05,48239370,239.95,240.24,239.51
05/22/2017,239.52,60274380,238.9,239.71,238.82
05/19/2017,238.31,114380500,237.33,239.08,237.27
05/18/2017,236.77,106885400,235.73,237.75,235.43
05/17/2017,235.82,171445400,238.1,238.64,235.75
05/16/2017,240.08,50523840,240.64,240.67,239.63
05/15/2017,240.3,61242740,239.47,240.44,239.45
05/12/2017,238.98,53812970,239.09,239.4273,238.67
05/11/2017,239.38,62232520,239.35,239.57,238.13
05/10/2017,239.87,54209350,239.39,239.87,239.15
05/09/2017,239.44,51126000,239.96,240.19,239.04
05/08/2017,239.66,48260110,239.75,239.92,239.17
05/05/2017,239.7,61561740,239.19,239.72,238.68
05/04/2017,238.76,61322410,238.83,238.9225,237.78
05/03/2017,238.48,72846400,238.29,238.8775,237.7
05/02/2017,238.77,57123690,238.84,238.98,238.3
05/01/2017,238.68,66588230,238.68,239.17,238.195
04/28/2017,238.08,63426310,238.9,238.93,237.93
04/27/2017,238.6,57144960,238.77,238.95,237.98
04/26/2017,238.4,84210820,238.51,239.53,238.35
04/25/2017,238.55,75528380,237.91,238.95,237.81
04/24/2017,237.17,119008100,237.18,237.41,234.5628
04/21/2017,234.59,109896300,235.25,235.31,234.13
04/20/2017,235.34,92306890,234.15,235.845,233.78
04/19/2017,233.44,68254750,234.52,234.95,233.18
04/18/2017,233.87,83143680,233.72,234.49,233.08
04/17/2017,234.57,68153720,233.11,234.57,232.88
04/13/2017,232.51,92625450,233.64,234.49,232.51
04/12/2017,234.03,81393040,234.74,234.96,233.77
04/11/2017,235.06,87804580,234.9,235.18,233.34
04/10/2017,235.34,67526890,235.36,236.255,234.73
04/07/2017,235.2,74345090,235.15,236,234.64
04/06/2017,235.44,68962420,234.94,236.04,234.425
04/05/2017,234.78,108227700,236.26,237.39,234.54
04/04/2017,235.48,56303450,235,235.58,234.555
04/03/2017,235.33,85424090,235.8,236.03,233.91
03/31/2017,235.74,73482420,235.9,236.51,235.68
03/30/2017,236.29,56658160,235.47,236.52,235.27
03/29/2017,235.54,61043150,234.99,235.81,234.725
03/28/2017,235.32,93370670,233.27,235.81,233.14
03/27/2017,233.62,87245320,231.93,233.92,231.61
03/24/2017,233.86,112400900,234.38,235.04,232.96
03/23/2017,234.03,100172100,234,235.34,233.6
03/22/2017,234.28,97233080,233.77,234.61,233.05
03/21/2017,233.73,131204400,237.47,237.61,233.58
03/20/2017,236.77,52529210,237.03,237.36,236.32
03/17/2017,237.03,88284080,237.75,237.97,237.03
03/16/2017,238.48,77761390,239.11,239.2,238.1
03/15/2017,238.95,95071850,237.56,239.44,237.29
03/14/2017,236.9,59838300,237.18,237.24,236.19
03/13/2017,237.81,57058040,237.62,237.86,237.24
03/10/2017,237.69,81757000,237.97,238.02,236.59
03/09/2017,236.86,90332120,236.7,237.24,235.74
03/08/2017,236.56,77619600,237.34,237.64,236.4
03/07/2017,237,64807970,237.36,237.77,236.76
03/06/2017,237.71,54424270,237.5,238.12,237.01
03/03/2017,238.42,81726380,238.17,238.61,237.73
03/02/2017,238.27,70152200,239.56,239.57,238.21
03/01/2017,239.78,148882400,238.39,240.32,238.37
02/28/2017,236.47,95717730,236.67,236.95,236.015
02/27/2017,237.11,56404310,236.64,237.31,236.35
02/24/2017,236.74,82311890,235.46,236.7932,235.41
02/23/2017,236.44,72812210,236.88,236.9,235.56
02/22/2017,236.28,61918630,236.02,236.54,235.83
02/21/2017,236.49,87736380,235.52,236.69,235.51
02/17/2017,235.09,76881310,233.95,235.09,233.93
02/16/2017,234.72,84574430,234.96,235.155,233.85
02/15/2017,234.92,86213560,233.45,235.14,233.39
02/14/2017,233.7,70023470,232.56,233.71,232.16
02/13/2017,232.77,55023690,232.08,233.07,232.05
02/10/2017,231.51,65951540,231,231.77,230.6216
02/09/2017,230.6,65823370,229.56,230.95,229.52
02/08/2017,229.24,51381110,228.61,229.39,228.31
02/07/2017,228.94,57818730,229.38,229.6556,228.72
02/06/2017,228.93,57729810,228.87,229.326,228.54
02/03/2017,229.34,80474030,228.82,229.55,228.46
02/02/2017,227.77,69506430,227.2,228.1,226.82
02/01/2017,227.62,78927270,228.255,228.59,226.94
01/31/2017,227.53,75379530,226.98,227.6,226.32
01/30/2017,227.55,79549380,228.17,228.2,226.41
